range_size_pct,orb_body_ratio,orb_upper_wick_ratio,orb_lower_wick_ratio,gap_pct,orb_volume,volume_ratio,day_of_week,signal_encoded,ticker_encoded,date,ticker,signal,label
1.1039,0.7718,0.1862,0.042,0.0,0.0,0.0,0,0,1,2024-04-01,INFY.NS,SELL,TIME
1.0982,0.471,0.0336,0.4954,0.0034,0.0,0.0,2,1,3,2024-04-03,HDFCBANK.NS,BUY,TIME
1.6781,0.8899,0.0607,0.0494,-0.7352,0.0,0.0,2,1,2,2024-04-03,TCS.NS,BUY,TIME
0.7388,0.2939,0.1623,0.5439,0.6216,0.0,0.0,4,1,3,2024-04-05,HDFCBANK.NS,BUY,TARGET
0.6005,0.3933,0.4438,0.1629,0.4424,0.0,0.0,0,0,1,2024-04-08,INFY.NS,SELL,TIME
0.4261,0.236,0.354,0.41,0.245,0.0,0.0,0,0,2,2024-04-08,TCS.NS,SELL,STOP
0.8603,0.7566,0.0688,0.1746,0.4051,0.0,0.0,1,1,4,2024-04-09,ICICIBANK.NS,BUY,TARGET
0.7682,0.5881,0.0,0.4119,0.2255,0.0,0.0,1,0,0,2024-04-09,RELIANCE.NS,SELL,TARGET
0.8482,0.2406,0.6524,0.107,-0.2886,0.0,0.0,4,0,4,2024-04-12,ICICIBANK.NS,SELL,TIME
0.7691,0.113,0.713,0.1739,-0.5475,0.0,0.0,4,0,1,2024-04-12,INFY.NS,SELL,TARGET
1.6007,0.977,0.0,0.023,0.0,0.0,0.0,0,0,4,2024-04-15,ICICIBANK.NS,SELL,TIME
1.1578,0.2139,0.292,0.4941,-0.8617,0.0,0.0,0,1,0,2024-04-15,RELIANCE.NS,BUY,TARGET
1.1707,0.4786,0.1339,0.3875,-0.2846,0.0,0.0,1,1,3,2024-04-16,HDFCBANK.NS,BUY,TIME
0.6855,0.5404,0.0,0.4596,-0.8929,0.0,0.0,1,0,1,2024-04-16,INFY.NS,SELL,TARGET
0.8367,0.1984,0.7619,0.0397,-0.1984,0.0,0.0,3,0,3,2024-04-18,HDFCBANK.NS,SELL,TARGET
1.245,0.6377,0.1698,0.1925,0.5988,0.0,0.0,3,0,4,2024-04-18,ICICIBANK.NS,SELL,TARGET
0.9959,0.3667,0.4821,0.1513,0.2608,0.0,0.0,3,1,2,2024-04-18,TCS.NS,BUY,STOP
1.5093,0.7335,0.0441,0.2225,-0.5586,0.0,0.0,4,1,3,2024-04-19,HDFCBANK.NS,BUY,TARGET
0.8312,0.7841,0.2159,0.0,-0.507,0.0,0.0,4,1,4,2024-04-19,ICICIBANK.NS,BUY,TARGET
1.5202,0.5211,0.2887,0.1901,-3.217,0.0,0.0,4,1,1,2024-04-19,INFY.NS,BUY,TARGET
0.9109,0.0711,0.6498,0.2792,0.6559,0.0,0.0,0,1,4,2024-04-22,ICICIBANK.NS,BUY,TIME
0.692,0.5381,0.3401,0.1218,0.2445,0.0,0.0,0,1,1,2024-04-22,INFY.NS,BUY,TARGET
0.4441,0.2366,0.2214,0.542,0.0323,0.0,0.0,0,1,0,2024-04-22,RELIANCE.NS,BUY,TARGET
0.6156,0.4292,0.2896,0.2812,-0.0314,0.0,0.0,0,1,2,2024-04-22,TCS.NS,BUY,TIME
0.7214,0.2844,0.4633,0.2523,0.3075,0.0,0.0,1,0,3,2024-04-23,HDFCBANK.NS,SELL,TIME
0.5714,0.9756,0.0,0.0244,0.2605,0.0,0.0,2,0,1,2024-04-24,INFY.NS,SELL,TIME
0.7204,0.2738,0.35,0.3762,0.3168,0.0,0.0,2,0,0,2024-04-24,RELIANCE.NS,SELL,STOP
0.4786,0.4232,0.3342,0.2426,0.3433,0.0,0.0,2,0,2,2024-04-24,TCS.NS,SELL,TARGET
1.5897,1.0,0.0,0.0,-0.3784,0.0,0.0,3,1,4,2024-04-25,ICICIBANK.NS,BUY,TIME
0.8629,0.9355,0.0645,0.0,-0.6278,0.0,0.0,3,1,1,2024-04-25,INFY.NS,BUY,TIME
0.5846,0.0119,0.7024,0.2857,0.0834,0.0,0.0,4,0,1,2024-04-26,INFY.NS,SELL,TARGET
2.2067,0.884,0.116,0.0,-0.4806,0.0,0.0,0,1,4,2024-04-29,ICICIBANK.NS,BUY,TARGET
1.0979,0.125,0.3915,0.4835,0.488,0.0,0.0,0,1,2,2024-04-29,TCS.NS,BUY,TIME
0.6977,0.0561,0.2897,0.6542,0.0327,0.0,0.0,1,1,3,2024-04-30,HDFCBANK.NS,BUY,STOP
0.4371,0.336,0.304,0.36,-0.0975,0.0,0.0,1,0,1,2024-04-30,INFY.NS,SELL,TARGET
0.6195,0.3389,0.4038,0.2573,0.1824,0.0,0.0,1,0,2,2024-04-30,TCS.NS,SELL,TARGET
1.3273,0.9824,0.0176,0.0,-0.6577,0.0,0.0,3,1,2,2024-05-02,TCS.NS,BUY,TIME
0.8054,0.5122,0.4675,0.0203,0.0587,0.0,0.0,4,0,3,2024-05-03,HDFCBANK.NS,SELL,TARGET
1.322,0.149,0.8113,0.0397,0.5356,0.0,0.0,4,0,4,2024-05-03,ICICIBANK.NS,SELL,TIME
1.0725,0.7013,0.2093,0.0895,0.1702,0.0,0.0,4,0,0,2024-05-03,RELIANCE.NS,SELL,TARGET
0.7687,0.5185,0.4074,0.0741,0.4607,0.0,0.0,4,0,2,2024-05-03,TCS.NS,SELL,TARGET
0.9782,0.2903,0.2115,0.4982,0.0993,0.0,0.0,0,0,0,2024-05-06,RELIANCE.NS,SELL,TIME
1.6714,0.6174,0.3087,0.0739,-0.1219,3155991.0,1.8384,1,0,4,2024-05-07,ICICIBANK.NS,SELL,TIME
0.8472,0.6667,0.304,0.0294,-0.2131,0.0,0.0,1,0,0,2024-05-07,RELIANCE.NS,SELL,TARGET
0.6414,0.2408,0.3089,0.4503,-0.7639,0.0,0.0,2,0,3,2024-05-08,HDFCBANK.NS,SELL,TIME
1.0353,0.5129,0.3707,0.1164,-0.3711,0.0,0.0,2,0,4,2024-05-08,ICICIBANK.NS,SELL,TIME
1.1669,0.6061,0.3939,0.0,-0.463,0.0,0.0,2,1,0,2024-05-08,RELIANCE.NS,BUY,TARGET
1.4033,0.6104,0.3553,0.0343,-0.0441,0.0,0.0,3,0,0,2024-05-09,RELIANCE.NS,SELL,TIME
0.6363,0.0874,0.5574,0.3552,-0.4237,0.0,0.0,0,1,3,2024-05-13,HDFCBANK.NS,BUY,TARGET
1.085,0.2026,0.1296,0.6678,0.1169,0.0,0.0,0,1,2,2024-05-13,TCS.NS,BUY,TIME
0.6028,0.1114,0.8886,0.0,0.2816,0.0,0.0,1,1,0,2024-05-14,RELIANCE.NS,BUY,TARGET
0.5456,0.2722,0.2279,0.5,-0.5676,0.0,0.0,2,0,3,2024-05-15,HDFCBANK.NS,SELL,TARGET
0.9011,0.2956,0.4187,0.2857,0.5149,0.0,0.0,3,0,4,2024-05-16,ICICIBANK.NS,SELL,TARGET
0.6145,0.3506,0.2069,0.4425,0.5016,1474944.0,1.0702,3,0,0,2024-05-16,RELIANCE.NS,SELL,TARGET
0.7137,0.0433,0.7635,0.1931,0.1959,602001.0,1.7037,3,0,2,2024-05-16,TCS.NS,SELL,TARGET
1.1388,0.4547,0.0676,0.4777,-0.3034,0.0,0.0,4,1,0,2024-05-17,RELIANCE.NS,BUY,TIME
1.2872,0.9347,0.0,0.0653,0.4576,0.0,0.0,4,0,2,2024-05-17,TCS.NS,SELL,TIME
0.3631,0.3302,0.283,0.3868,-0.0618,0.0,0.0,2,1,3,2024-05-22,HDFCBANK.NS,BUY,STOP
1.0924,0.9053,0.0288,0.0658,0.4468,0.0,0.0,2,0,4,2024-05-22,ICICIBANK.NS,SELL,TARGET
1.1241,0.9294,0.0706,0.0,-0.0314,0.0,0.0,2,1,1,2024-05-22,INFY.NS,BUY,TIME
0.4304,0.2619,0.6111,0.127,-0.3655,0.0,0.0,3,1,3,2024-05-23,HDFCBANK.NS,BUY,TARGET
1.2,0.7037,0.0,0.2963,0.1212,0.0,0.0,3,1,4,2024-05-23,ICICIBANK.NS,BUY,TIME
0.9283,0.6581,0.1581,0.1838,-0.0206,0.0,0.0,3,1,1,2024-05-23,INFY.NS,BUY,TIME
0.8959,0.7495,0.2505,0.0,-0.1387,0.0,0.0,3,1,0,2024-05-23,RELIANCE.NS,BUY,TARGET
0.8059,0.365,0.418,0.217,0.0692,0.0,0.0,3,1,2,2024-05-23,TCS.NS,BUY,TARGET
1.0313,0.6387,0.3613,0.0,-0.2983,0.0,0.0,4,1,3,2024-05-24,HDFCBANK.NS,BUY,TARGET
0.648,0.2105,0.5789,0.2105,-0.163,1006452.0,0.9686,4,0,1,2024-05-24,INFY.NS,SELL,TIME
0.8753,0.7175,0.2825,0.0,0.3197,0.0,0.0,0,1,3,2024-05-27,HDFCBANK.NS,BUY,STOP
0.5895,0.3582,0.3433,0.2985,-0.0132,0.0,0.0,0,1,4,2024-05-27,ICICIBANK.NS,BUY,TARGET
0.6034,0.5763,0.0508,0.3729,0.2719,0.0,0.0,1,0,1,2024-05-28,INFY.NS,SELL,STOP
0.8272,0.624,0.376,0.0,-0.6345,0.0,0.0,2,0,3,2024-05-29,HDFCBANK.NS,SELL,TIME
1.0433,0.6595,0.2845,0.056,-0.599,0.0,0.0,2,0,4,2024-05-29,ICICIBANK.NS,SELL,TARGET
0.5006,0.6644,0.2397,0.0959,0.0513,0.0,0.0,2,0,1,2024-05-29,INFY.NS,SELL,TARGET
0.6805,0.8019,0.1077,0.0904,0.185,0.0,0.0,2,0,2,2024-05-29,TCS.NS,SELL,TIME
1.0336,0.4792,0.2684,0.2524,-0.2587,0.0,0.0,3,1,3,2024-05-30,HDFCBANK.NS,BUY,TIME
1.0348,0.8586,0.1246,0.0168,-0.3407,0.0,0.0,3,0,1,2024-05-30,INFY.NS,SELL,TIME
1.0044,0.8569,0.1099,0.0332,-0.1631,0.0,0.0,3,0,0,2024-05-30,RELIANCE.NS,SELL,TIME
0.9042,0.6353,0.2779,0.0868,-0.4733,0.0,0.0,3,0,2,2024-05-30,TCS.NS,SELL,TARGET
1.3356,0.7713,0.1397,0.0891,-0.0775,1016231.0,2.876,4,0,2,2024-05-31,TCS.NS,SELL,TIME
1.3169,0.1053,0.0745,0.8203,3.1649,0.0,0.0,0,1,0,2024-06-03,RELIANCE.NS,BUY,TARGET
2.8783,0.0185,0.1592,0.8224,-1.9082,0.0,0.0,1,0,3,2024-06-04,HDFCBANK.NS,SELL,TARGET
3.2054,0.4333,0.3958,0.1708,-1.306,0.0,0.0,1,0,4,2024-06-04,ICICIBANK.NS,SELL,TARGET
1.7727,0.3377,0.4291,0.2332,-0.1473,0.0,0.0,2,1,3,2024-06-05,HDFCBANK.NS,BUY,STOP
1.1285,0.625,0.2531,0.1219,0.1498,0.0,0.0,2,1,1,2024-06-05,INFY.NS,BUY,TARGET
1.5904,0.5042,0.1187,0.3771,0.0107,0.0,0.0,2,1,2,2024-06-05,TCS.NS,BUY,TIME
0.9445,0.0676,0.3345,0.598,0.1219,0.0,0.0,4,1,3,2024-06-07,HDFCBANK.NS,BUY,TARGET
1.217,0.6801,0.1581,0.1618,-0.3873,0.0,0.0,4,1,4,2024-06-07,ICICIBANK.NS,BUY,TIME
2.8757,0.9703,0.0297,0.0,0.4789,0.0,0.0,4,1,1,2024-06-07,INFY.NS,BUY,TIME
1.141,0.8589,0.1411,0.0,-0.625,0.0,0.0,4,1,0,2024-06-07,RELIANCE.NS,BUY,TARGET
0.7418,0.6207,0.1293,0.25,-0.2853,0.0,0.0,1,1,3,2024-06-11,HDFCBANK.NS,BUY,TIME
0.7008,0.3857,0.4524,0.1619,0.5415,0.0,0.0,2,0,1,2024-06-12,INFY.NS,SELL,TARGET
0.9575,0.6004,0.2487,0.151,0.0584,0.0,0.0,2,1,0,2024-06-12,RELIANCE.NS,BUY,TIME
0.7857,0.0544,0.6656,0.2801,0.4604,0.0,0.0,2,0,2,2024-06-12,TCS.NS,SELL,TARGET
0.6818,0.1705,0.129,0.7005,0.3732,0.0,0.0,4,1,3,2024-06-14,HDFCBANK.NS,BUY,TIME
0.7343,0.058,0.1276,0.8144,0.1195,0.0,0.0,4,1,0,2024-06-14,RELIANCE.NS,BUY,TARGET
1.481,0.7578,0.1263,0.1159,0.0373,0.0,0.0,2,1,3,2024-06-19,HDFCBANK.NS,BUY,TARGET
0.861,0.9684,0.0316,0.0,0.3429,0.0,0.0,2,0,0,2024-06-19,RELIANCE.NS,SELL,TARGET
1.4706,0.3926,0.2171,0.3903,0.0343,0.0,0.0,3,1,0,2024-06-20,RELIANCE.NS,BUY,TIME
0.7087,0.7195,0.1585,0.122,0.6138,0.0,0.0,4,0,4,2024-06-21,ICICIBANK.NS,SELL,STOP
1.3041,0.197,0.212,0.591,2.4977,0.0,0.0,4,0,1,2024-06-21,INFY.NS,SELL,TIME
0.9384,0.8796,0.0,0.1204,0.0,0.0,0.0,4,0,0,2024-06-21,RELIANCE.NS,SELL,TARGET
0.4798,0.9623,0.0377,0.0,-1.1256,0.0,0.0,0,1,3,2024-06-24,HDFCBANK.NS,BUY,TARGET
0.9338,0.8608,0.0411,0.0981,0.3619,0.0,0.0,1,1,3,2024-06-25,HDFCBANK.NS,BUY,TARGET
0.7859,0.5351,0.0054,0.4595,0.1624,0.0,0.0,1,1,4,2024-06-25,ICICIBANK.NS,BUY,TARGET
0.5347,0.2742,0.7258,0.0,-0.1334,0.0,0.0,1,1,0,2024-06-25,RELIANCE.NS,BUY,TIME
1.5141,0.7742,0.0933,0.1326,-0.1583,0.0,0.0,2,1,0,2024-06-26,RELIANCE.NS,BUY,TARGET
1.2344,0.9439,0.0561,0.0,0.0991,0.0,0.0,3,1,4,2024-06-27,ICICIBANK.NS,BUY,TIME
0.9471,0.6962,0.0171,0.2867,-0.2758,0.0,0.0,3,1,1,2024-06-27,INFY.NS,BUY,TARGET
0.8672,0.0763,0.1213,0.8024,-0.284,0.0,0.0,3,1,2,2024-06-27,TCS.NS,BUY,TARGET
0.6334,0.7597,0.1948,0.0455,0.1639,0.0,0.0,4,0,4,2024-06-28,ICICIBANK.NS,SELL,TARGET
1.9257,0.4207,0.5793,0.0,0.3533,0.0,0.0,4,1,0,2024-06-28,RELIANCE.NS,BUY,TIME
0.9889,0.7381,0.2619,0.0,-0.1069,0.0,0.0,0,1,3,2024-07-01,HDFCBANK.NS,BUY,TIME
1.178,0.4543,0.3548,0.1909,-0.1787,0.0,0.0,0,1,1,2024-07-01,INFY.NS,BUY,TARGET
1.135,0.0127,0.8279,0.1594,0.0128,0.0,0.0,0,0,0,2024-07-01,RELIANCE.NS,SELL,TIME
1.5005,0.899,0.0901,0.0109,-0.1063,0.0,0.0,0,1,2,2024-07-01,TCS.NS,BUY,TIME
1.7638,0.9525,0.0,0.0475,0.5339,0.0,0.0,1,0,4,2024-07-02,ICICIBANK.NS,SELL,TIME
1.4839,0.9311,0.0689,0.0,0.2554,0.0,0.0,1,1,1,2024-07-02,INFY.NS,BUY,TIME
1.567,0.4331,0.3899,0.177,0.1295,0.0,0.0,2,0,0,2024-07-03,RELIANCE.NS,SELL,TIME
1.1793,0.7488,0.0,0.2512,-0.5429,7332585.0,3.1898,3,0,3,2024-07-04,HDFCBANK.NS,SELL,TIME
0.9945,0.7377,0.041,0.2213,1.3024,5168638.0,3.0108,3,1,4,2024-07-04,ICICIBANK.NS,BUY,TIME
1.0547,0.8304,0.1696,0.0,0.3667,621608.0,1.7592,3,1,2,2024-07-04,TCS.NS,BUY,TIME
1.7531,0.85,0.0,0.15,-2.5897,0.0,0.0,4,0,3,2024-07-05,HDFCBANK.NS,SELL,TIME
1.7048,0.6331,0.0745,0.2924,0.1932,0.0,0.0,4,1,0,2024-07-05,RELIANCE.NS,BUY,TIME
0.7027,0.3965,0.4023,0.2012,-0.4005,2708068.0,1.5775,1,1,4,2024-07-09,ICICIBANK.NS,BUY,TARGET
0.5752,0.7295,0.1612,0.1093,-0.1499,538344.0,0.3906,1,0,0,2024-07-09,RELIANCE.NS,SELL,TARGET
1.3793,0.8493,0.0667,0.084,0.4408,725881.0,0.5267,2,0,0,2024-07-10,RELIANCE.NS,SELL,TIME
1.1624,0.6978,0.2511,0.0511,0.1568,0.0,0.0,2,0,2,2024-07-10,TCS.NS,SELL,TARGET
0.7386,0.9412,0.0,0.0588,-0.353,0.0,0.0,3,0,3,2024-07-11,HDFCBANK.NS,SELL,STOP
1.2967,0.3043,0.6708,0.0248,0.2976,2959297.0,1.7238,3,0,4,2024-07-11,ICICIBANK.NS,SELL,TARGET
1.4762,0.1658,0.6649,0.1693,0.7283,857625.0,2.4271,3,0,2,2024-07-11,TCS.NS,SELL,TIME
1.1937,1.0,0.0,0.0,0.9594,3242597.0,3.1207,4,1,1,2024-07-12,INFY.NS,BUY,TARGET
0.8296,0.5991,0.1833,0.2176,2.4033,3195724.0,9.0441,4,1,2,2024-07-12,TCS.NS,BUY,TARGET
1.0027,0.6236,0.1685,0.2079,-0.0188,1151336.0,0.8354,1,0,0,2024-07-16,RELIANCE.NS,SELL,TIME
1.1135,0.9316,0.0684,0.0,-0.4436,2634691.0,1.5347,3,1,4,2024-07-18,ICICIBANK.NS,BUY,TIME
1.4524,0.3945,0.6055,0.0,-0.3505,2414723.0,2.3239,3,1,1,2024-07-18,INFY.NS,BUY,TIME
1.2735,0.8567,0.1433,0.0,-0.0875,0.0,0.0,3,1,2,2024-07-18,TCS.NS,BUY,TARGET
1.694,0.4342,0.0,0.5658,3.4024,16379627.0,15.7637,4,0,1,2024-07-19,INFY.NS,SELL,TIME
1.0852,0.7765,0.0779,0.1456,-0.2836,1901503.0,1.3797,4,0,0,2024-07-19,RELIANCE.NS,SELL,TIME
1.0265,0.4059,0.1747,0.4194,0.6622,0.0,0.0,0,1,1,2024-07-22,INFY.NS,BUY,TIME
1.4347,0.8845,0.0,0.1155,-1.7854,0.0,0.0,0,0,0,2024-07-22,RELIANCE.NS,SELL,TIME
1.229,0.599,0.1228,0.2782,-0.0213,3760850.0,1.636,1,0,3,2024-07-23,HDFCBANK.NS,SELL,TIME
1.0185,0.8122,0.117,0.0708,0.0998,1209605.0,0.8777,1,0,0,2024-07-23,RELIANCE.NS,SELL,TARGET
1.2895,0.2006,0.4618,0.3376,-0.0611,0.0,0.0,2,0,4,2024-07-24,ICICIBANK.NS,SELL,TIME
0.8346,0.5762,0.1636,0.2602,-0.2707,0.0,0.0,3,1,3,2024-07-25,HDFCBANK.NS,BUY,TIME
0.7511,0.7069,0.0984,0.1946,-0.9705,0.0,0.0,3,1,0,2024-07-25,RELIANCE.NS,BUY,TARGET
0.8787,0.5726,0.0726,0.3549,-0.3543,0.0,0.0,3,1,2,2024-07-25,TCS.NS,BUY,TIME
1.1759,0.7735,0.0668,0.1597,0.6142,0.0,0.0,4,1,2,2024-07-26,TCS.NS,BUY,TIME
0.7771,0.2659,0.4643,0.2698,-0.3184,0.0,0.0,0,1,3,2024-07-29,HDFCBANK.NS,BUY,STOP
1.1857,0.5987,0.3363,0.065,0.8245,0.0,0.0,0,0,1,2024-07-29,INFY.NS,SELL,TIME
0.4009,0.6667,0.124,0.2093,-0.2274,5811820.0,2.5283,1,1,3,2024-07-30,HDFCBANK.NS,BUY,TARGET
0.8089,0.2234,0.264,0.5127,0.1693,0.0,0.0,1,1,4,2024-07-30,ICICIBANK.NS,BUY,TARGET
0.6073,0.8333,0.1667,0.0,0.17,0.0,0.0,3,1,3,2024-08-01,HDFCBANK.NS,BUY,TIME
0.7794,0.455,0.4868,0.0582,0.2017,1784556.0,1.0395,3,0,4,2024-08-01,ICICIBANK.NS,SELL,TIME
1.8224,0.7277,0.1188,0.1535,-0.1129,0.0,0.0,4,1,3,2024-08-02,HDFCBANK.NS,BUY,TIME
1.7066,0.4055,0.4071,0.1875,-0.1811,0.0,0.0,4,0,1,2024-08-02,INFY.NS,SELL,TIME
1.6904,0.6559,0.251,0.093,-0.4105,568336.0,1.6084,4,0,2,2024-08-02,TCS.NS,SELL,TIME
1.0289,0.3672,0.3373,0.2955,-1.0856,0.0,0.0,0,0,3,2024-08-05,HDFCBANK.NS,SELL,TARGET
1.1531,0.7232,0.2325,0.0443,-1.0021,0.0,0.0,0,0,4,2024-08-05,ICICIBANK.NS,SELL,TIME
1.2619,0.6071,0.3839,0.0089,-1.7763,0.0,0.0,0,0,1,2024-08-05,INFY.NS,SELL,TARGET
1.5074,0.7483,0.0,0.2517,-1.4173,0.0,0.0,0,0,0,2024-08-05,RELIANCE.NS,SELL,TARGET
0.9256,0.8568,0.0,0.1432,-1.3726,0.0,0.0,0,0,2,2024-08-05,TCS.NS,SELL,TARGET
0.7285,0.8898,0.0974,0.0127,0.888,0.0,0.0,1,0,3,2024-08-06,HDFCBANK.NS,SELL,TARGET
1.3529,0.1104,0.7508,0.1388,0.3029,1987169.0,1.1575,1,0,4,2024-08-06,ICICIBANK.NS,SELL,TIME
0.9293,0.281,0.5317,0.1873,2.1501,1327988.0,1.278,2,0,1,2024-08-07,INFY.NS,SELL,TARGET
1.1613,0.7813,0.0,0.2187,-1.019,1164206.0,1.1204,3,0,1,2024-08-08,INFY.NS,SELL,TARGET
0.6415,0.6434,0.1743,0.1823,-0.2442,1563225.0,1.1343,3,0,0,2024-08-08,RELIANCE.NS,SELL,TIME
1.095,0.5674,0.0791,0.3535,0.9339,0.0,0.0,4,1,0,2024-08-09,RELIANCE.NS,BUY,TIME
0.6177,0.1902,0.2195,0.5902,0.203,0.0,0.0,0,1,3,2024-08-12,HDFCBANK.NS,BUY,TARGET
0.7054,0.7719,0.0,0.2281,-1.9578,7677428.0,3.3398,1,0,3,2024-08-13,HDFCBANK.NS,SELL,TARGET
1.1141,0.374,0.5153,0.1107,0.8187,2741386.0,1.5969,1,0,4,2024-08-13,ICICIBANK.NS,SELL,TIME
0.7233,0.3893,0.1145,0.4962,0.4789,2080591.0,2.0023,2,1,1,2024-08-14,INFY.NS,BUY,TARGET
2.0486,0.7393,0.0,0.2607,0.4003,1154244.0,3.2666,2,1,2,2024-08-14,TCS.NS,BUY,TIME
1.365,0.5217,0.413,0.0652,-0.0084,0.0,0.0,0,0,4,2024-08-19,ICICIBANK.NS,SELL,TIME
1.4865,0.2574,0.2098,0.5328,0.2242,0.0,0.0,0,1,2,2024-08-19,TCS.NS,BUY,TIME
0.6665,0.7078,0.0868,0.2055,0.0735,0.0,0.0,1,1,3,2024-08-20,HDFCBANK.NS,BUY,TIME
1.2075,0.6294,0.0385,0.3322,-0.0978,1401889.0,0.8166,1,1,4,2024-08-20,ICICIBANK.NS,BUY,TIME
0.552,0.46,0.522,0.018,-0.1574,276882.0,0.7836,2,1,2,2024-08-21,TCS.NS,BUY,STOP
0.4525,0.2056,0.1402,0.6542,0.4766,0.0,0.0,3,1,4,2024-08-22,ICICIBANK.NS,BUY,TARGET
0.613,0.6054,0.2306,0.164,0.0693,0.0,0.0,3,0,2,2024-08-22,TCS.NS,SELL,TARGET
0.9417,0.0442,0.3673,0.5885,0.3526,1735463.0,1.0109,4,1,4,2024-08-23,ICICIBANK.NS,BUY,TIME
0.7888,0.682,0.0858,0.2322,0.3867,0.0,0.0,0,1,0,2024-08-26,RELIANCE.NS,BUY,TIME
0.9747,0.4748,0.3571,0.1681,-0.243,0.0,0.0,1,1,4,2024-08-27,ICICIBANK.NS,BUY,TIME
1.2566,0.7987,0.044,0.1572,-0.0053,897090.0,0.8634,1,1,1,2024-08-27,INFY.NS,BUY,TIME
0.5853,0.8182,0.0256,0.1563,0.091,0.0,0.0,1,0,0,2024-08-27,RELIANCE.NS,SELL,TIME
0.9164,0.6781,0.0142,0.3077,0.2555,772706.0,0.7436,2,1,1,2024-08-28,INFY.NS,BUY,TARGET
0.4518,0.2214,0.583,0.1956,0.2016,733481.0,0.5322,2,0,0,2024-08-28,RELIANCE.NS,SELL,TARGET
1.0253,0.3205,0.6083,0.0712,0.5603,11849705.0,5.1549,4,0,3,2024-08-30,HDFCBANK.NS,SELL,TARGET
1.7269,0.511,0.3359,0.1531,0.5488,4958153.0,3.5976,4,0,0,2024-08-30,RELIANCE.NS,SELL,TIME
1.406,0.8102,0.0039,0.1859,-0.2682,490552.0,1.3883,4,1,2,2024-08-30,TCS.NS,BUY,TIME
0.6747,0.0182,0.2091,0.7727,0.8646,0.0,0.0,0,0,3,2024-09-02,HDFCBANK.NS,SELL,TIME
0.8419,0.1424,0.8394,0.0182,-0.2105,0.0,0.0,0,1,1,2024-09-02,INFY.NS,BUY,TIME
0.9439,0.8543,0.0,0.1457,0.5567,0.0,0.0,0,0,2,2024-09-02,TCS.NS,SELL,TIME
0.3857,0.0159,0.5079,0.4762,0.246,0.0,0.0,1,1,3,2024-09-03,HDFCBANK.NS,BUY,STOP
0.5132,0.6032,0.0556,0.3413,-0.5285,0.0,0.0,1,1,4,2024-09-03,ICICIBANK.NS,BUY,STOP
0.7628,0.1987,0.0,0.8013,0.1072,0.0,0.0,1,0,1,2024-09-03,INFY.NS,SELL,STOP
0.5103,0.0712,0.7929,0.1359,-0.1418,0.0,0.0,1,0,0,2024-09-03,RELIANCE.NS,SELL,TIME
0.8194,0.6815,0.172,0.1465,0.3407,0.0,0.0,3,0,1,2024-09-05,INFY.NS,SELL,STOP
0.6964,0.3507,0.5592,0.09,0.2408,1276364.0,0.9261,3,0,0,2024-09-05,RELIANCE.NS,SELL,TARGET
0.776,0.1,0.5684,0.3316,-0.5666,2608407.0,1.5194,4,0,4,2024-09-06,ICICIBANK.NS,SELL,TARGET
1.5469,0.4475,0.4475,0.1051,-0.5018,1105057.0,1.0635,4,0,1,2024-09-06,INFY.NS,SELL,TIME
1.1971,0.2788,0.6866,0.0346,0.1307,421107.0,1.1918,4,0,2,2024-09-06,TCS.NS,SELL,TIME
0.6557,0.3163,0.2465,0.4372,-0.1984,0.0,0.0,0,1,3,2024-09-09,HDFCBANK.NS,BUY,TIME
1.5453,0.6976,0.2228,0.0796,-0.5788,0.0,0.0,0,1,4,2024-09-09,ICICIBANK.NS,BUY,TIME
1.1169,0.6674,0.2108,0.1218,-0.5909,0.0,0.0,0,1,1,2024-09-09,INFY.NS,BUY,STOP
1.0877,0.1271,0.494,0.3789,0.4909,927218.0,0.8923,1,1,1,2024-09-10,INFY.NS,BUY,TIME
0.3421,0.035,0.275,0.69,0.2052,716292.0,0.5197,2,0,0,2024-09-11,RELIANCE.NS,SELL,STOP
0.5809,0.1243,0.3614,0.5143,0.2274,288709.0,0.8171,2,0,2,2024-09-11,TCS.NS,SELL,STOP
0.8106,0.3086,0.3643,0.3271,0.4623,0.0,0.0,3,1,3,2024-09-12,HDFCBANK.NS,BUY,TIME
0.5782,0.1847,0.527,0.2883,0.7774,1017975.0,0.9797,3,0,1,2024-09-12,INFY.NS,SELL,STOP
0.932,0.7122,0.1882,0.0995,0.6385,394042.0,1.1152,3,0,2,2024-09-12,TCS.NS,SELL,TARGET
1.0598,0.3745,0.2772,0.3483,0.2203,0.0,0.0,0,1,4,2024-09-16,ICICIBANK.NS,BUY,TIME
0.4647,0.2153,0.4161,0.3686,0.2901,0.0,0.0,0,0,0,2024-09-16,RELIANCE.NS,SELL,TARGET
0.8291,0.8032,0.1847,0.0121,-1.0004,0.0,0.0,1,1,2,2024-09-17,TCS.NS,BUY,TIME
1.0474,0.9068,0.0706,0.0226,0.2487,0.0,0.0,2,1,3,2024-09-18,HDFCBANK.NS,BUY,TIME
0.8948,0.7281,0.2719,0.0,-0.4337,0.0,0.0,2,1,4,2024-09-18,ICICIBANK.NS,BUY,TARGET
2.0344,0.9573,0.0,0.0427,-0.8502,0.0,0.0,2,0,1,2024-09-18,INFY.NS,SELL,TIME
2.7101,0.9106,0.0,0.0894,-0.2408,947840.0,2.6825,2,0,2,2024-09-18,TCS.NS,SELL,TIME
1.3084,0.1328,0.6901,0.1771,0.7662,1720230.0,1.6555,3,0,1,2024-09-19,INFY.NS,SELL,TIME
0.6907,0.6238,0.3317,0.0446,0.4771,1518257.0,1.1016,3,0,0,2024-09-19,RELIANCE.NS,SELL,STOP
2.576,0.5858,0.2882,0.1261,1.0101,0.0,0.0,3,0,2,2024-09-19,TCS.NS,SELL,TIME
0.9191,0.0221,0.2618,0.7161,0.7325,0.0,0.0,4,1,3,2024-09-20,HDFCBANK.NS,BUY,TARGET
1.363,0.7059,0.0784,0.2157,0.1546,0.0,0.0,4,1,4,2024-09-20,ICICIBANK.NS,BUY,TARGET
0.7451,0.3914,0.4955,0.1131,0.216,1246306.0,0.9043,4,1,0,2024-09-20,RELIANCE.NS,BUY,TARGET
1.4142,0.7581,0.1806,0.0613,0.483,0.0,0.0,4,0,2,2024-09-20,TCS.NS,SELL,TIME
0.7113,0.8777,0.0,0.1223,-1.4002,0.0,0.0,0,0,4,2024-09-23,ICICIBANK.NS,SELL,TARGET
1.1678,0.6005,0.3995,0.0,0.0707,0.0,0.0,0,0,1,2024-09-23,INFY.NS,SELL,TIME
0.6583,0.5058,0.4942,0.0,-0.4323,0.0,0.0,2,1,4,2024-09-25,ICICIBANK.NS,BUY,TIME
0.7528,0.0704,0.5176,0.412,-0.2818,0.0,0.0,2,0,1,2024-09-25,INFY.NS,SELL,TIME
0.5293,0.0022,0.5733,0.4244,-0.2622,503983.0,1.4263,2,0,2,2024-09-25,TCS.NS,SELL,STOP
0.7083,0.3482,0.2047,0.4471,-0.0368,0.0,0.0,3,1,0,2024-09-26,RELIANCE.NS,BUY,TIME
0.4838,0.0702,0.3977,0.5322,-0.5018,2935686.0,1.2771,4,0,3,2024-09-27,HDFCBANK.NS,SELL,TARGET
0.6208,0.5061,0.1524,0.3415,0.2151,1824758.0,1.0629,4,0,4,2024-09-27,ICICIBANK.NS,SELL,TARGET
2.4044,0.0442,0.8803,0.0755,1.7366,0.0,0.0,4,0,1,2024-09-27,INFY.NS,SELL,TIME
1.3917,0.4242,0.264,0.3118,-1.1098,0.0,0.0,0,0,4,2024-09-30,ICICIBANK.NS,SELL,TIME
1.746,0.9129,0.0239,0.0632,-0.1296,0.0,0.0,0,0,0,2024-09-30,RELIANCE.NS,SELL,TIME
0.8008,0.4651,0.4926,0.0423,0.2028,1476197.0,1.0711,1,0,0,2024-10-01,RELIANCE.NS,SELL,TARGET
1.4065,0.8434,0.1253,0.0313,-0.3182,0.0,0.0,3,0,3,2024-10-03,HDFCBANK.NS,SELL,TARGET
1.0872,0.3033,0.4152,0.2815,-0.6996,0.0,0.0,3,0,2,2024-10-03,TCS.NS,SELL,TIME
0.8113,0.1365,0.7749,0.0886,-0.3896,0.0,0.0,4,0,3,2024-10-04,HDFCBANK.NS,SELL,STOP
1.1509,0.8159,0.1841,0.0,0.0344,0.0,0.0,4,1,1,2024-10-04,INFY.NS,BUY,TARGET
1.1843,0.0326,0.9645,0.003,-0.1559,0.0,0.0,4,1,2,2024-10-04,TCS.NS,BUY,STOP
1.0501,0.171,0.3043,0.5246,-0.4515,0.0,0.0,0,0,3,2024-10-07,HDFCBANK.NS,SELL,TARGET
0.7467,0.3527,0.2415,0.4058,0.5953,0.0,0.0,0,0,0,2024-10-07,RELIANCE.NS,SELL,TARGET
1.3882,0.2254,0.1794,0.5952,0.7172,0.0,0.0,1,1,3,2024-10-08,HDFCBANK.NS,BUY,TIME
1.0914,0.2926,0.0,0.7074,0.0715,0.0,0.0,2,0,0,2024-10-09,RELIANCE.NS,SELL,TIME
1.4021,0.2339,0.1731,0.593,-0.0638,0.0,0.0,3,0,1,2024-10-10,INFY.NS,SELL,TIME
0.6044,0.6242,0.0067,0.3691,-0.3135,0.0,0.0,4,0,4,2024-10-11,ICICIBANK.NS,SELL,TARGET
1.3042,0.4554,0.2436,0.301,-0.0339,0.0,0.0,4,1,1,2024-10-11,INFY.NS,BUY,TIME
1.5578,0.7767,0.2233,0.0,0.2816,0.0,0.0,0,1,3,2024-10-14,HDFCBANK.NS,BUY,TIME
1.1042,0.6949,0.0588,0.2463,-0.1512,0.0,0.0,0,1,4,2024-10-14,ICICIBANK.NS,BUY,TIME
1.038,0.4877,0.5123,0.0,0.0336,0.0,0.0,0,1,1,2024-10-14,INFY.NS,BUY,TIME
0.6554,0.5276,0.4724,0.0,0.1946,0.0,0.0,1,1,4,2024-10-15,ICICIBANK.NS,BUY,TARGET
1.3077,0.0331,0.8599,0.107,0.0457,0.0,0.0,1,0,1,2024-10-15,INFY.NS,SELL,TIME
1.0426,0.2421,0.3746,0.3834,-0.4917,0.0,0.0,1,0,0,2024-10-15,RELIANCE.NS,SELL,TIME
1.0603,0.2354,0.6366,0.128,0.1269,0.0,0.0,1,0,2,2024-10-15,TCS.NS,SELL,TIME
1.2574,0.7009,0.1098,0.1893,0.0267,0.0,0.0,2,1,3,2024-10-16,HDFCBANK.NS,BUY,TIME
1.0961,0.2445,0.543,0.2125,-0.2195,0.0,0.0,2,1,0,2024-10-16,RELIANCE.NS,BUY,TIME
1.2044,0.8243,0.1139,0.0619,-0.3205,0.0,0.0,3,0,3,2024-10-17,HDFCBANK.NS,SELL,TIME
1.831,0.6814,0.2942,0.0243,0.3814,0.0,0.0,3,0,4,2024-10-17,ICICIBANK.NS,SELL,TIME
1.3508,0.4499,0.431,0.1191,0.7656,0.0,0.0,3,1,1,2024-10-17,INFY.NS,BUY,STOP
1.408,0.6714,0.0914,0.2371,-0.1381,0.0,0.0,4,1,4,2024-10-18,ICICIBANK.NS,BUY,TARGET
2.8355,0.1507,0.7987,0.0506,-4.1013,0.0,0.0,4,0,1,2024-10-18,INFY.NS,SELL,TIME
1.1302,0.8041,0.0763,0.1196,2.3991,0.0,0.0,0,1,3,2024-10-21,HDFCBANK.NS,BUY,TIME
2.6118,0.6369,0.0892,0.2739,0.2334,0.0,0.0,0,0,1,2024-10-21,INFY.NS,SELL,TIME
0.8059,0.5273,0.4682,0.0045,0.2083,0.0,0.0,1,0,0,2024-10-22,RELIANCE.NS,SELL,TARGET
1.0319,0.4633,0.444,0.0927,-0.4181,0.0,0.0,2,0,4,2024-10-23,ICICIBANK.NS,SELL,TIME
1.1231,0.8998,0.0453,0.0549,-0.3671,0.0,0.0,2,1,1,2024-10-23,INFY.NS,BUY,TIME
1.2333,0.9119,0.02,0.0681,-0.4625,0.0,0.0,2,1,2,2024-10-23,TCS.NS,BUY,TARGET
0.8693,0.1037,0.3952,0.5011,-0.2423,2534943.0,1.8393,3,0,0,2024-10-24,RELIANCE.NS,SELL,STOP
1.8992,0.1057,0.7188,0.1755,-0.243,0.0,0.0,4,0,4,2024-10-25,ICICIBANK.NS,SELL,TIME
1.4506,0.4934,0.0531,0.4536,2.3175,0.0,0.0,0,1,4,2024-10-28,ICICIBANK.NS,BUY,TIME
0.9052,0.7079,0.0413,0.2508,-0.3343,3505818.0,1.5251,1,1,3,2024-10-29,HDFCBANK.NS,BUY,TARGET
0.9642,0.4427,0.0474,0.5099,1.0017,0.0,0.0,1,1,4,2024-10-29,ICICIBANK.NS,BUY,TARGET
0.8297,0.0796,0.6747,0.2457,-0.391,0.0,0.0,2,0,3,2024-10-30,HDFCBANK.NS,SELL,TARGET
0.6771,0.5425,0.2753,0.1822,-0.3804,0.0,0.0,2,0,1,2024-10-30,INFY.NS,SELL,TARGET
0.9375,0.2122,0.5347,0.2531,-0.0495,0.0,0.0,3,0,4,2024-10-31,ICICIBANK.NS,SELL,TARGET
1.6379,0.908,0.0,0.092,-0.6449,0.0,0.0,3,0,1,2024-10-31,INFY.NS,SELL,TIME
2.5304,0.839,0.0,0.161,0.0798,0.0,0.0,3,0,2,2024-10-31,TCS.NS,SELL,TIME
0.9674,0.4371,0.0,0.5629,0.4177,2110825.0,0.9183,0,0,3,2024-11-04,HDFCBANK.NS,SELL,TIME
1.3534,0.6899,0.2841,0.0261,-0.6255,1965666.0,1.145,0,0,4,2024-11-04,ICICIBANK.NS,SELL,TIME
1.2026,0.1599,0.2196,0.6205,-1.6336,2867415.0,2.7596,0,1,1,2024-11-04,INFY.NS,BUY,TARGET
3.4283,0.9921,0.0,0.0079,0.4505,4281292.0,3.1065,0,0,0,2024-11-04,RELIANCE.NS,SELL,TIME
0.9057,0.5028,0.2073,0.2899,-0.0742,499081.0,1.4124,0,0,2,2024-11-04,TCS.NS,SELL,TIME
0.864,0.3007,0.0608,0.6385,-0.533,0.0,0.0,1,1,3,2024-11-05,HDFCBANK.NS,BUY,TARGET
0.9598,0.1352,0.6393,0.2254,-0.1331,0.0,0.0,1,0,4,2024-11-05,ICICIBANK.NS,SELL,STOP
1.1336,0.261,0.1119,0.6271,-0.2464,0.0,0.0,1,1,0,2024-11-05,RELIANCE.NS,BUY,TIME
2.5287,0.7617,0.1902,0.0481,0.7216,89188.0,0.0858,2,1,1,2024-11-06,INFY.NS,BUY,TIME
2.8728,0.6935,0.0855,0.2211,0.7692,0.0,0.0,2,1,2,2024-11-06,TCS.NS,BUY,TIME
0.9762,0.2317,0.2968,0.4715,-0.7937,0.0,0.0,4,0,4,2024-11-08,ICICIBANK.NS,SELL,TIME
0.6375,0.56,0.2356,0.2044,-0.0228,0.0,0.0,0,1,3,2024-11-11,HDFCBANK.NS,BUY,TARGET
1.0977,0.0036,0.2166,0.7798,-0.0119,0.0,0.0,0,1,4,2024-11-11,ICICIBANK.NS,BUY,TARGET
1.5127,0.7339,0.1232,0.1429,0.0685,0.0,0.0,0,1,1,2024-11-11,INFY.NS,BUY,TIME
2.0888,0.7467,0.0768,0.1764,-0.1582,0.0,0.0,0,1,2,2024-11-11,TCS.NS,BUY,TIME
1.5473,0.8185,0.0185,0.163,0.2944,0.0,0.0,1,0,3,2024-11-12,HDFCBANK.NS,SELL,TARGET
0.7541,0.1875,0.6875,0.125,0.2593,0.0,0.0,1,0,0,2024-11-12,RELIANCE.NS,SELL,STOP
1.0695,0.0874,0.8497,0.0628,-0.2996,0.0,0.0,2,0,3,2024-11-13,HDFCBANK.NS,SELL,TARGET
0.8057,0.2647,0.6177,0.1176,0.0749,0.0,0.0,2,0,4,2024-11-13,ICICIBANK.NS,SELL,TARGET
1.0463,0.8182,0.1599,0.0219,0.1925,0.0,0.0,2,0,2,2024-11-13,TCS.NS,SELL,TIME
1.1948,0.0769,0.2441,0.6789,0.4016,0.0,0.0,3,0,4,2024-11-14,ICICIBANK.NS,SELL,TIME
0.8389,0.4811,0.3585,0.1604,0.1597,0.0,0.0,3,1,0,2024-11-14,RELIANCE.NS,BUY,TIME
2.3283,0.7194,0.0,0.2806,-0.8849,0.0,0.0,0,0,1,2024-11-18,INFY.NS,SELL,TIME
4.1797,0.9177,0.0,0.0823,1.1819,0.0,0.0,0,0,2,2024-11-18,TCS.NS,SELL,TIME
1.4333,0.798,0.0202,0.1818,0.0088,0.0,0.0,1,1,3,2024-11-19,HDFCBANK.NS,BUY,TARGET
0.7275,0.7857,0.1868,0.0275,0.423,0.0,0.0,1,0,4,2024-11-19,ICICIBANK.NS,SELL,TIME
2.0732,0.8018,0.0547,0.1435,0.2502,0.0,0.0,1,1,2,2024-11-19,TCS.NS,BUY,TIME
1.8891,0.263,0.578,0.159,1.2782,0.0,0.0,3,0,1,2024-11-21,INFY.NS,SELL,TIME
0.8335,0.0414,0.6138,0.3448,0.2326,0.0,0.0,4,0,3,2024-11-22,HDFCBANK.NS,SELL,TIME
1.3872,0.5291,0.0843,0.3866,0.7333,0.0,0.0,4,1,0,2024-11-22,RELIANCE.NS,BUY,TARGET
1.935,0.7106,0.0325,0.2569,0.0528,0.0,0.0,4,1,2,2024-11-22,TCS.NS,BUY,TARGET
1.107,0.1059,0.7327,0.1614,1.0881,0.0,0.0,0,1,2,2024-11-25,TCS.NS,BUY,TIME
1.0664,0.5074,0.0347,0.4579,-0.6824,0.0,0.0,3,0,1,2024-11-28,INFY.NS,SELL,TARGET
0.6144,0.1006,0.7359,0.1635,0.0739,0.0,0.0,4,1,4,2024-11-29,ICICIBANK.NS,BUY,TARGET
1.4722,0.4115,0.0534,0.5351,-0.3545,0.0,0.0,4,1,2,2024-11-29,TCS.NS,BUY,TIME
1.5979,0.2383,0.0839,0.6779,-0.0862,0.0,0.0,0,1,1,2024-12-02,INFY.NS,BUY,TIME
0.4719,0.0244,0.5285,0.4472,-0.3221,0.0,0.0,1,1,4,2024-12-03,ICICIBANK.NS,BUY,TARGET
0.9113,0.635,0.1306,0.2344,0.3994,0.0,0.0,2,1,3,2024-12-04,HDFCBANK.NS,BUY,TARGET
1.0866,0.9126,0.0105,0.0769,-0.428,0.0,0.0,2,1,4,2024-12-04,ICICIBANK.NS,BUY,TIME
1.0201,0.6866,0.0,0.3134,0.1472,0.0,0.0,2,0,0,2024-12-04,RELIANCE.NS,SELL,TIME
0.7967,0.881,0.0,0.119,0.1589,0.0,0.0,3,0,3,2024-12-05,HDFCBANK.NS,SELL,STOP
0.8798,0.2964,0.7036,0.0,0.6447,0.0,0.0,3,1,2,2024-12-05,TCS.NS,BUY,STOP
0.7103,0.4689,0.1539,0.3773,-0.0052,0.0,0.0,4,0,1,2024-12-06,INFY.NS,SELL,TIME
0.6429,0.7633,0.0651,0.1716,0.1287,0.0,0.0,4,0,0,2024-12-06,RELIANCE.NS,SELL,TIME
0.7985,0.8066,0.0,0.1934,-0.34,0.0,0.0,1,1,4,2024-12-10,ICICIBANK.NS,BUY,TIME
0.5357,0.1159,0.8116,0.0725,-0.5553,0.0,0.0,1,0,0,2024-12-10,RELIANCE.NS,SELL,TARGET
0.5567,0.2009,0.1918,0.6073,0.721,0.0,0.0,2,1,1,2024-12-11,INFY.NS,BUY,TARGET
0.5417,0.3813,0.3309,0.2878,0.1361,0.0,0.0,2,0,0,2024-12-11,RELIANCE.NS,SELL,TIME
0.5625,0.6294,0.3566,0.014,-0.2658,0.0,0.0,3,0,0,2024-12-12,RELIANCE.NS,SELL,TARGET
1.0271,0.8602,0.058,0.0818,0.1425,0.0,0.0,4,0,3,2024-12-13,HDFCBANK.NS,SELL,STOP
0.531,0.244,0.6699,0.0861,-0.7876,0.0,0.0,4,0,1,2024-12-13,INFY.NS,SELL,TARGET
0.4666,0.4286,0.3697,0.2017,0.3531,0.0,0.0,0,0,0,2024-12-16,RELIANCE.NS,SELL,TARGET
0.9424,0.2635,0.103,0.6335,-0.162,0.0,0.0,0,0,2,2024-12-16,TCS.NS,SELL,TIME
0.8853,0.4526,0.2691,0.2783,-0.2309,0.0,0.0,1,0,3,2024-12-17,HDFCBANK.NS,SELL,TIME
0.9436,0.4246,0.4643,0.1111,-0.1265,0.0,0.0,1,0,4,2024-12-17,ICICIBANK.NS,SELL,TIME
0.895,0.8125,0.0,0.1875,-0.4219,0.0,0.0,1,0,0,2024-12-17,RELIANCE.NS,SELL,TIME
1.1006,0.5565,0.3192,0.1244,0.0396,0.0,0.0,1,0,2,2024-12-17,TCS.NS,SELL,TARGET
1.1704,0.6612,0.2941,0.0447,-0.0273,0.0,0.0,2,0,3,2024-12-18,HDFCBANK.NS,SELL,TIME
1.1594,0.5294,0.4543,0.0163,-0.4535,0.0,0.0,2,0,4,2024-12-18,ICICIBANK.NS,SELL,TIME
1.1459,0.3145,0.4324,0.2531,-0.4125,0.0,0.0,4,0,3,2024-12-20,HDFCBANK.NS,SELL,STOP
1.8897,0.7026,0.0,0.2974,1.4295,0.0,0.0,4,0,1,2024-12-20,INFY.NS,SELL,TIME
1.3989,0.0351,0.8275,0.1374,-0.4185,0.0,0.0,4,0,0,2024-12-20,RELIANCE.NS,SELL,TARGET
2.8514,0.4872,0.3777,0.1351,1.217,0.0,0.0,4,0,2,2024-12-20,TCS.NS,SELL,TIME
1.1972,0.2092,0.3355,0.4553,0.5255,0.0,0.0,0,0,1,2024-12-23,INFY.NS,SELL,TIME
1.5586,0.9281,0.0565,0.0155,0.8144,0.0,0.0,0,0,2,2024-12-23,TCS.NS,SELL,TIME
0.8854,0.3553,0.5818,0.0629,0.2391,0.0,0.0,3,0,3,2024-12-26,HDFCBANK.NS,SELL,TIME
1.3511,0.4857,0.5057,0.0086,0.4004,0.0,0.0,3,0,4,2024-12-26,ICICIBANK.NS,SELL,TIME
0.4912,0.7167,0.2833,0.0,0.2494,0.0,0.0,3,0,0,2024-12-26,RELIANCE.NS,SELL,TARGET
0.6149,0.371,0.0272,0.6018,-0.2806,0.0,0.0,0,1,3,2024-12-30,HDFCBANK.NS,BUY,TARGET
0.8214,0.9213,0.0787,0.0,-0.2639,0.0,0.0,0,1,4,2024-12-30,ICICIBANK.NS,BUY,TARGET
0.5188,0.0318,0.2381,0.7301,-0.1924,0.0,0.0,0,0,0,2024-12-30,RELIANCE.NS,SELL,STOP
0.8496,0.5066,0.148,0.3454,-0.3222,0.0,0.0,3,1,3,2025-01-02,HDFCBANK.NS,BUY,TIME
1.6693,0.61,0.2246,0.1654,0.3897,0.0,0.0,3,1,1,2025-01-02,INFY.NS,BUY,TARGET
1.6283,0.7426,0.2296,0.0278,-0.2621,0.0,0.0,4,0,3,2025-01-03,HDFCBANK.NS,SELL,TIME
1.2223,0.8103,0.1093,0.0804,-0.3834,0.0,0.0,4,0,4,2025-01-03,ICICIBANK.NS,SELL,TIME
1.0949,0.4374,0.409,0.1537,-0.5067,0.0,0.0,4,0,1,2025-01-03,INFY.NS,SELL,TIME
1.3724,0.9823,0.0,0.0177,0.1752,0.0,0.0,4,0,2,2025-01-03,TCS.NS,SELL,TIME
1.0351,0.0417,0.7667,0.1917,-0.2974,0.0,0.0,0,0,3,2025-01-06,HDFCBANK.NS,SELL,TARGET
1.3534,0.0593,0.5252,0.4154,0.252,0.0,0.0,0,0,0,2025-01-06,RELIANCE.NS,SELL,TARGET
0.9602,0.7846,0.1098,0.1057,0.4667,0.0,0.0,1,1,4,2025-01-07,ICICIBANK.NS,BUY,TIME
1.1796,1.0,0.0,0.0,0.4558,0.0,0.0,1,1,0,2025-01-07,RELIANCE.NS,BUY,TIME
2.8199,0.5996,0.2366,0.1639,0.4066,0.0,0.0,1,0,2,2025-01-07,TCS.NS,SELL,TIME
0.7996,0.9299,0.0,0.0701,-0.1519,0.0,0.0,2,0,3,2025-01-08,HDFCBANK.NS,SELL,TIME
0.6265,0.5687,0.3813,0.05,0.2111,0.0,0.0,2,0,4,2025-01-08,ICICIBANK.NS,SELL,TARGET
1.153,0.6773,0.1432,0.1795,-0.1348,0.0,0.0,2,0,1,2025-01-08,INFY.NS,SELL,STOP
0.8428,0.1435,0.4407,0.4158,0.0931,0.0,0.0,2,1,2,2025-01-08,TCS.NS,BUY,TARGET
0.8624,0.5467,0.2422,0.2111,-0.5282,0.0,0.0,3,0,3,2025-01-09,HDFCBANK.NS,SELL,TARGET
0.8057,0.3812,0.297,0.3218,-0.3911,0.0,0.0,3,0,4,2025-01-09,ICICIBANK.NS,SELL,TIME
0.7066,0.3708,0.0,0.6292,0.5509,0.0,0.0,3,0,0,2025-01-09,RELIANCE.NS,SELL,TARGET
0.8333,0.1119,0.4152,0.4729,0.048,0.0,0.0,4,0,3,2025-01-10,HDFCBANK.NS,SELL,TIME
1.2124,0.5743,0.3135,0.1122,-0.1901,0.0,0.0,4,0,4,2025-01-10,ICICIBANK.NS,SELL,TIME
0.9929,0.4837,0.0488,0.4675,-1.0241,0.0,0.0,0,1,0,2025-01-13,RELIANCE.NS,BUY,TIME
1.514,0.5769,0.1677,0.2554,-0.4689,0.0,0.0,0,1,2,2025-01-13,TCS.NS,BUY,TIME
1.2688,0.5287,0.3981,0.0733,0.4471,0.0,0.0,1,0,0,2025-01-14,RELIANCE.NS,SELL,TIME
1.2953,0.2325,0.0445,0.723,0.0605,0.0,0.0,1,0,2,2025-01-14,TCS.NS,SELL,TIME
0.7442,0.0571,0.1837,0.7592,0.2454,2209018.0,0.961,2,0,3,2025-01-15,HDFCBANK.NS,SELL,STOP
1.1159,0.5553,0.1567,0.288,0.5764,0.0,0.0,3,0,1,2025-01-16,INFY.NS,SELL,TARGET
0.4769,0.4167,0.3,0.2833,0.0958,0.0,0.0,3,1,0,2025-01-16,RELIANCE.NS,BUY,TARGET
1.9776,0.3501,0.388,0.2619,0.2577,0.0,0.0,3,0,2,2025-01-16,TCS.NS,SELL,TIME
0.9827,0.4392,0.2835,0.2773,-0.3844,0.0,0.0,4,0,3,2025-01-17,HDFCBANK.NS,SELL,TIME
1.6486,0.9629,0.0,0.0371,-0.2922,0.0,0.0,4,0,4,2025-01-17,ICICIBANK.NS,SELL,TIME
0.8705,0.5629,0.1294,0.3077,-0.1468,0.0,0.0,0,1,3,2025-01-20,HDFCBANK.NS,BUY,TARGET
1.0985,0.6981,0.133,0.169,0.3025,0.0,0.0,1,0,3,2025-01-21,HDFCBANK.NS,SELL,STOP
1.4161,0.7601,0.1647,0.0751,0.3328,0.0,0.0,1,0,4,2025-01-21,ICICIBANK.NS,SELL,TARGET
0.869,0.2159,0.5365,0.2476,0.3557,0.0,0.0,1,0,1,2025-01-21,INFY.NS,SELL,STOP
2.0218,0.9308,0.0385,0.0308,0.4251,0.0,0.0,1,0,0,2025-01-21,RELIANCE.NS,SELL,TIME
0.9909,0.4132,0.1923,0.3945,0.5321,0.0,0.0,1,0,2,2025-01-21,TCS.NS,SELL,STOP
0.9307,0.5844,0.1688,0.2468,-0.1216,0.0,0.0,2,1,3,2025-01-22,HDFCBANK.NS,BUY,STOP
1.0835,0.7708,0.204,0.0252,0.4322,0.0,0.0,2,1,1,2025-01-22,INFY.NS,BUY,TARGET
1.3,0.909,0.0244,0.0666,0.3543,0.0,0.0,2,1,2,2025-01-22,TCS.NS,BUY,TARGET
1.174,0.4501,0.0921,0.4578,0.6131,0.0,0.0,3,0,3,2025-01-23,HDFCBANK.NS,SELL,TIME
1.2643,0.2533,0.0954,0.6513,-0.2957,0.0,0.0,3,1,4,2025-01-23,ICICIBANK.NS,BUY,TIME
0.472,0.8333,0.05,0.1167,-0.1095,0.0,0.0,3,0,0,2025-01-23,RELIANCE.NS,SELL,TARGET
0.7921,0.2344,0.599,0.1667,0.1872,0.0,0.0,4,1,4,2025-01-24,ICICIBANK.NS,BUY,STOP
1.0345,0.459,0.5128,0.0282,0.067,0.0,0.0,4,1,1,2025-01-24,INFY.NS,BUY,TIME
1.2246,0.8117,0.1461,0.0422,0.4546,0.0,0.0,4,0,0,2025-01-24,RELIANCE.NS,SELL,TIME
1.0016,0.6545,0.1992,0.1463,-0.5224,0.0,0.0,0,0,0,2025-01-27,RELIANCE.NS,SELL,TIME
1.4,0.9231,0.0684,0.0085,1.1476,0.0,0.0,1,1,3,2025-01-28,HDFCBANK.NS,BUY,TIME
1.7876,0.6044,0.1089,0.2867,1.1971,0.0,0.0,1,1,4,2025-01-28,ICICIBANK.NS,BUY,TIME
0.8312,0.0636,0.6746,0.2618,0.2138,0.0,0.0,1,0,2,2025-01-28,TCS.NS,SELL,TARGET
1.4001,0.3092,0.6107,0.0802,0.9537,0.0,0.0,2,1,1,2025-01-29,INFY.NS,BUY,STOP
0.5977,0.3632,0.398,0.2388,-0.1133,0.0,0.0,3,1,3,2025-01-30,HDFCBANK.NS,BUY,TIME
0.9351,0.0855,0.1325,0.7821,-0.1958,0.0,0.0,3,1,4,2025-01-30,ICICIBANK.NS,BUY,TIME
1.0305,0.5052,0.1745,0.3203,-0.0186,0.0,0.0,3,0,1,2025-01-30,INFY.NS,SELL,TIME
0.7569,0.5479,0.1596,0.2926,-0.0202,0.0,0.0,3,1,0,2025-01-30,RELIANCE.NS,BUY,TARGET
0.8572,0.3982,0.6018,0.0,-0.3272,0.0,0.0,4,1,0,2025-01-31,RELIANCE.NS,BUY,TIME
1.2982,0.224,0.4729,0.3032,0.5364,0.0,0.0,1,1,3,2025-02-04,HDFCBANK.NS,BUY,TARGET
1.2279,0.7194,0.2064,0.0742,0.1686,0.0,0.0,1,1,0,2025-02-04,RELIANCE.NS,BUY,TARGET
0.8183,0.2981,0.2593,0.4426,0.3109,0.0,0.0,1,1,2,2025-02-04,TCS.NS,BUY,TIME
0.6789,0.2312,0.0925,0.6763,0.3632,1427702.0,0.8316,2,1,4,2025-02-05,ICICIBANK.NS,BUY,TIME
1.0503,0.208,0.6642,0.1278,0.591,735955.0,0.7083,2,0,1,2025-02-05,INFY.NS,SELL,TIME
1.1026,0.5565,0.2483,0.1951,0.4151,431852.0,1.2222,2,0,2,2025-02-05,TCS.NS,SELL,TIME
0.6149,0.5192,0.1026,0.3782,0.5677,0.0,0.0,3,0,4,2025-02-06,ICICIBANK.NS,SELL,TIME
0.8628,0.2128,0.5289,0.2584,0.7951,0.0,0.0,3,0,1,2025-02-06,INFY.NS,SELL,TIME
1.4368,0.3404,0.5384,0.1212,0.4785,570755.0,1.6153,3,0,2,2025-02-06,TCS.NS,SELL,TIME
0.8587,0.5668,0.2258,0.2074,-0.0314,0.0,0.0,4,0,4,2025-02-07,ICICIBANK.NS,SELL,TARGET
1.1598,0.6088,0.0,0.3912,0.0507,0.0,0.0,4,0,0,2025-02-07,RELIANCE.NS,SELL,TIME
1.3689,0.7443,0.0,0.2557,0.0257,0.0,0.0,4,0,2,2025-02-07,TCS.NS,SELL,TIME
0.8639,0.8466,0.1411,0.0123,-0.1497,0.0,0.0,0,0,1,2025-02-10,INFY.NS,SELL,TIME
1.0278,0.5875,0.2062,0.2062,0.4623,0.0,0.0,1,0,0,2025-02-11,RELIANCE.NS,SELL,TARGET
0.919,0.429,0.4841,0.087,0.5518,0.0,0.0,2,0,1,2025-02-12,INFY.NS,SELL,TARGET
0.5212,0.5225,0.4607,0.0168,-0.6957,0.0,0.0,3,1,3,2025-02-13,HDFCBANK.NS,BUY,STOP
1.0739,0.5,0.2261,0.2739,0.2414,0.0,0.0,3,0,1,2025-02-13,INFY.NS,SELL,TIME
0.8464,0.4686,0.058,0.4734,0.037,0.0,0.0,3,1,0,2025-02-13,RELIANCE.NS,BUY,STOP
1.3934,0.4908,0.0778,0.4313,0.3527,0.0,0.0,3,0,2,2025-02-13,TCS.NS,SELL,TIME
0.4753,0.0249,0.3478,0.6273,-0.1354,0.0,0.0,4,0,3,2025-02-14,HDFCBANK.NS,SELL,STOP
0.9135,0.1065,0.629,0.2645,-0.5576,0.0,0.0,0,1,3,2025-02-17,HDFCBANK.NS,BUY,TARGET
1.1079,0.4185,0.1333,0.4481,-0.3456,0.0,0.0,0,1,0,2025-02-17,RELIANCE.NS,BUY,TIME
0.586,0.0941,0.8069,0.099,-0.285,0.0,0.0,1,1,3,2025-02-18,HDFCBANK.NS,BUY,STOP
0.8281,0.8835,0.0194,0.0971,0.2198,0.0,0.0,1,0,4,2025-02-18,ICICIBANK.NS,SELL,TIME
1.7176,0.8651,0.0116,0.1233,-0.8165,0.0,0.0,2,1,4,2025-02-19,ICICIBANK.NS,BUY,TIME
1.5988,0.1203,0.3849,0.4948,-0.7533,0.0,0.0,2,0,1,2025-02-19,INFY.NS,SELL,TIME
2.0419,0.501,0.0742,0.4248,-0.2207,0.0,0.0,2,0,2,2025-02-19,TCS.NS,SELL,TIME
1.4347,0.9773,0.0021,0.0206,-0.5455,0.0,0.0,3,0,3,2025-02-20,HDFCBANK.NS,SELL,TIME
0.9104,0.2149,0.4868,0.2982,-0.2893,0.0,0.0,3,0,4,2025-02-20,ICICIBANK.NS,SELL,TIME
1.7423,0.7868,0.1842,0.0291,-0.7383,0.0,0.0,0,0,1,2025-02-24,INFY.NS,SELL,TIME
1.4053,0.6107,0.2733,0.116,-0.9786,0.0,0.0,0,0,2,2025-02-24,TCS.NS,SELL,TIME
0.9989,0.9147,0.0853,0.0,0.1516,0.0,0.0,3,1,3,2025-02-27,HDFCBANK.NS,BUY,TIME
1.0027,0.6784,0.2018,0.1199,-0.6115,0.0,0.0,4,1,3,2025-02-28,HDFCBANK.NS,BUY,TARGET
3.2858,0.8351,0.0,0.1649,-0.5838,0.0,0.0,4,0,1,2025-02-28,INFY.NS,SELL,TIME
2.9012,0.8576,0.1,0.0424,-0.5044,0.0,0.0,4,0,2,2025-02-28,TCS.NS,SELL,TIME
1.4812,0.7937,0.1866,0.0196,0.4653,0.0,0.0,0,0,3,2025-03-03,HDFCBANK.NS,SELL,TIME
1.5232,0.8974,0.0009,0.1017,-1.0294,0.0,0.0,1,1,2,2025-03-04,TCS.NS,BUY,TIME
1.4815,0.7241,0.2759,0.0,-0.2887,0.0,0.0,2,1,0,2025-03-05,RELIANCE.NS,BUY,TIME
1.0556,0.2416,0.1067,0.6517,-0.8014,0.0,0.0,4,0,1,2025-03-07,INFY.NS,SELL,TIME
1.9893,0.8455,0.0,0.1545,0.4378,0.0,0.0,4,1,0,2025-03-07,RELIANCE.NS,BUY,TIME
0.8624,0.3859,0.0032,0.6109,-0.0556,0.0,0.0,4,1,2,2025-03-07,TCS.NS,BUY,TIME
0.4924,0.2934,0.5689,0.1377,-0.077,0.0,0.0,0,1,3,2025-03-10,HDFCBANK.NS,BUY,STOP
1.9307,0.5561,0.2682,0.1758,-0.2343,0.0,0.0,0,1,1,2025-03-10,INFY.NS,BUY,TIME
0.9805,0.2387,0.0272,0.7341,-0.3642,0.0,0.0,1,1,3,2025-03-11,HDFCBANK.NS,BUY,TIME
1.4936,0.6811,0.2297,0.0892,0.7338,0.0,0.0,1,1,4,2025-03-11,ICICIBANK.NS,BUY,TIME
3.0406,0.9875,0.0,0.0125,-1.6972,0.0,0.0,2,0,1,2025-03-12,INFY.NS,SELL,TIME
1.2522,0.7028,0.1058,0.1914,0.8113,0.0,0.0,3,0,1,2025-03-13,INFY.NS,SELL,TIME
0.8601,0.5367,0.0596,0.4037,0.86,0.0,0.0,0,1,4,2025-03-17,ICICIBANK.NS,BUY,TIME
1.6775,0.743,0.1032,0.1538,-0.8138,0.0,0.0,0,1,1,2025-03-17,INFY.NS,BUY,TIME
1.0694,0.1579,0.8158,0.0263,-0.1442,0.0,0.0,0,0,0,2025-03-17,RELIANCE.NS,SELL,TIME
1.7709,0.842,0.0779,0.0801,1.1429,0.0,0.0,1,1,4,2025-03-18,ICICIBANK.NS,BUY,TIME
0.8644,0.3073,0.4266,0.2661,0.4691,0.0,0.0,3,1,0,2025-03-20,RELIANCE.NS,BUY,TARGET
1.0162,0.937,0.0259,0.037,-0.2313,0.0,0.0,4,1,4,2025-03-21,ICICIBANK.NS,BUY,TARGET
3.4772,0.5841,0.1689,0.247,-1.8298,0.0,0.0,4,1,2,2025-03-21,TCS.NS,BUY,TIME
1.1387,0.934,0.044,0.022,0.1693,0.0,0.0,0,1,3,2025-03-24,HDFCBANK.NS,BUY,TIME
1.0119,0.4691,0.0436,0.4873,0.644,0.0,0.0,0,1,4,2025-03-24,ICICIBANK.NS,BUY,TARGET
0.788,0.299,0.5637,0.1373,0.638,0.0,0.0,0,1,0,2025-03-24,RELIANCE.NS,BUY,TARGET
1.1475,0.285,0.0157,0.6993,0.4877,0.0,0.0,0,1,2,2025-03-24,TCS.NS,BUY,TARGET
1.2673,0.6697,0.107,0.2232,0.1612,0.0,0.0,1,0,0,2025-03-25,RELIANCE.NS,SELL,TIME
0.5449,0.5303,0.0,0.4697,0.5754,0.0,0.0,2,0,3,2025-03-26,HDFCBANK.NS,SELL,TARGET
1.2303,0.2035,0.6709,0.1256,-0.2702,0.0,0.0,2,0,1,2025-03-26,INFY.NS,SELL,TARGET
0.9176,0.6766,0.0894,0.234,0.4434,0.0,0.0,2,0,0,2025-03-26,RELIANCE.NS,SELL,TIME
1.5994,0.6991,0.094,0.2068,-0.0858,0.0,0.0,3,1,3,2025-03-27,HDFCBANK.NS,BUY,TIME
1.018,0.2491,0.0293,0.7216,-0.1456,0.0,0.0,4,1,4,2025-03-28,ICICIBANK.NS,BUY,TARGET
0.6675,0.8125,0.1792,0.0083,-1.0049,0.0,0.0,1,0,3,2025-04-01,HDFCBANK.NS,SELL,TARGET
1.2167,0.6828,0.121,0.1962,-1.5264,0.0,0.0,1,0,1,2025-04-01,INFY.NS,SELL,TIME
1.1698,0.0426,0.6392,0.3182,-2.5352,0.0,0.0,3,0,1,2025-04-03,INFY.NS,SELL,TARGET
1.5212,0.2658,0.3244,0.4098,-2.3094,0.0,0.0,3,0,2,2025-04-03,TCS.NS,SELL,TIME
1.1267,0.3567,0.3628,0.2805,-1.9889,0.0,0.0,4,0,1,2025-04-04,INFY.NS,SELL,TIME
3.0712,0.8949,0.0836,0.0216,-0.5246,0.0,0.0,4,0,0,2025-04-04,RELIANCE.NS,SELL,TIME
1.7341,0.9844,0.0,0.0156,-0.3644,0.0,0.0,4,0,2,2025-04-04,TCS.NS,SELL,TIME
2.9246,0.0159,0.9708,0.0133,-3.4905,377790.0,0.2201,0,0,4,2025-04-07,ICICIBANK.NS,SELL,TIME
5.4254,0.0027,0.0999,0.8974,-5.5317,203465.0,0.1958,0,1,1,2025-04-07,INFY.NS,BUY,TIME
3.3705,0.4249,0.335,0.2401,-6.6258,0.0,0.0,0,1,0,2025-04-07,RELIANCE.NS,BUY,TIME
2.834,0.1647,0.1882,0.6471,-5.5227,0.0,0.0,0,1,2,2025-04-07,TCS.NS,BUY,TARGET
0.704,0.1573,0.3508,0.4919,-0.0339,0.0,0.0,2,0,3,2025-04-09,HDFCBANK.NS,SELL,TIME
1.27,0.5282,0.2425,0.2292,-0.6603,0.0,0.0,2,1,0,2025-04-09,RELIANCE.NS,BUY,TIME
1.4579,0.8178,0.1822,0.0,0.8326,0.0,0.0,4,1,3,2025-04-11,HDFCBANK.NS,BUY,TIME
1.5196,0.7514,0.2486,0.0,0.9557,0.0,0.0,4,1,0,2025-04-11,RELIANCE.NS,BUY,TIME
1.5217,0.5833,0.2083,0.2083,1.4548,0.0,0.0,1,0,1,2025-04-15,INFY.NS,SELL,TIME
0.6688,0.6626,0.2771,0.0602,2.3012,0.0,0.0,1,0,0,2025-04-15,RELIANCE.NS,SELL,TIME
0.6795,0.2441,0.3622,0.3937,0.6542,3678920.0,1.6004,2,0,3,2025-04-16,HDFCBANK.NS,SELL,TIME
0.772,0.5769,0.1154,0.3077,0.4666,0.0,0.0,2,0,4,2025-04-16,ICICIBANK.NS,SELL,TIME
1.0592,0.5174,0.3831,0.0995,0.0852,0.0,0.0,3,1,3,2025-04-17,HDFCBANK.NS,BUY,TARGET
1.6975,0.8085,0.1915,0.0,0.3318,0.0,0.0,3,1,4,2025-04-17,ICICIBANK.NS,BUY,TARGET
1.6074,0.4714,0.2291,0.2996,1.6278,0.0,0.0,0,0,4,2025-04-21,ICICIBANK.NS,SELL,TIME
2.3399,0.6491,0.3509,0.0,-0.063,0.0,0.0,0,1,1,2025-04-21,INFY.NS,BUY,TIME
1.4621,0.6436,0.0904,0.266,-0.0786,0.0,0.0,0,1,0,2025-04-21,RELIANCE.NS,BUY,TIME
0.9279,0.6851,0.1688,0.1461,-0.1486,0.0,0.0,0,1,2,2025-04-21,TCS.NS,BUY,TARGET
2.0496,0.9849,0.005,0.0101,1.0274,0.0,0.0,2,0,3,2025-04-23,HDFCBANK.NS,SELL,TIME
2.1633,0.4389,0.3918,0.1693,1.6924,0.0,0.0,2,1,1,2025-04-23,INFY.NS,BUY,TIME
1.6953,0.467,0.3403,0.1927,1.1622,0.0,0.0,2,1,2,2025-04-23,TCS.NS,BUY,TIME
0.8802,0.2177,0.379,0.4032,-0.4568,4263675.0,2.4836,3,0,4,2025-04-24,ICICIBANK.NS,SELL,TIME
1.2095,0.3117,0.6407,0.0476,0.073,0.0,0.0,4,0,3,2025-04-25,HDFCBANK.NS,SELL,TIME
2.3521,0.2296,0.1164,0.6541,3.0825,0.0,0.0,0,1,0,2025-04-28,RELIANCE.NS,BUY,TIME
1.5015,0.7608,0.2297,0.0096,0.3586,0.0,0.0,1,1,0,2025-04-29,RELIANCE.NS,BUY,TIME
1.2238,0.0814,0.2674,0.6512,0.0644,0.0,0.0,2,1,0,2025-04-30,RELIANCE.NS,BUY,TIME
0.9983,0.3287,0.4755,0.1958,0.5236,0.0,0.0,0,0,4,2025-05-05,ICICIBANK.NS,SELL,TIME
0.8016,0.2397,0.5785,0.1818,-0.7545,0.0,0.0,2,1,1,2025-05-07,INFY.NS,BUY,TIME
0.9358,0.3788,0.5379,0.0833,-0.0987,0.0,0.0,2,0,0,2025-05-07,RELIANCE.NS,SELL,TIME
0.7627,0.2357,0.7643,0.0,-1.0925,0.0,0.0,2,1,2,2025-05-07,TCS.NS,BUY,TIME
0.6519,0.3404,0.0106,0.6489,0.2229,0.0,0.0,3,1,4,2025-05-08,ICICIBANK.NS,BUY,TIME
1.0613,0.2867,0.14,0.5733,0.064,0.0,0.0,3,1,0,2025-05-08,RELIANCE.NS,BUY,TIME
1.2453,0.2076,0.5297,0.2627,-1.1563,0.0,0.0,4,0,3,2025-05-09,HDFCBANK.NS,SELL,TIME
1.1541,0.7716,0.1728,0.0556,-0.7633,0.0,0.0,4,0,4,2025-05-09,ICICIBANK.NS,SELL,TIME
0.9096,0.2917,0.5032,0.2051,-0.7259,0.0,0.0,4,1,2,2025-05-09,TCS.NS,BUY,TIME
2.3235,0.8772,0.1228,0.0,1.0871,0.0,0.0,0,1,4,2025-05-12,ICICIBANK.NS,BUY,TIME
2.3488,0.9079,0.0921,0.0,1.7983,0.0,0.0,0,1,1,2025-05-12,INFY.NS,BUY,TARGET
1.605,0.7511,0.131,0.1179,2.0014,0.0,0.0,0,1,0,2025-05-12,RELIANCE.NS,BUY,TIME
1.3538,0.4511,0.341,0.2079,2.2516,0.0,0.0,0,1,2,2025-05-12,TCS.NS,BUY,TARGET
1.6321,0.5048,0.3238,0.1714,-0.2505,0.0,0.0,1,0,3,2025-05-13,HDFCBANK.NS,SELL,TIME
1.8204,0.6389,0.1111,0.25,-1.1802,2567471.0,2.4709,1,0,1,2025-05-13,INFY.NS,SELL,TIME
1.5788,0.1556,0.56,0.2844,-0.1044,0.0,0.0,1,0,0,2025-05-13,RELIANCE.NS,SELL,TIME
1.6516,0.5459,0.0306,0.4235,-0.3334,502793.0,1.4229,1,0,2,2025-05-13,TCS.NS,SELL,TIME
0.6466,0.3398,0.3981,0.2621,-0.6646,0.0,0.0,4,0,1,2025-05-16,INFY.NS,SELL,TARGET
1.031,0.3416,0.0124,0.646,-0.7487,0.0,0.0,0,0,1,2025-05-19,INFY.NS,SELL,TIME
0.7271,0.3905,0.1429,0.4667,-0.0963,0.0,0.0,0,0,0,2025-05-19,RELIANCE.NS,SELL,TIME
1.075,0.5161,0.4129,0.071,0.1311,0.0,0.0,1,0,4,2025-05-20,ICICIBANK.NS,SELL,TIME
0.6902,0.202,0.596,0.202,-0.2635,0.0,0.0,1,0,0,2025-05-20,RELIANCE.NS,SELL,STOP
0.8526,0.5,0.1639,0.3361,-0.1263,0.0,0.0,2,1,0,2025-05-21,RELIANCE.NS,BUY,TIME
0.8161,0.641,0.2991,0.0598,-0.2007,0.0,0.0,3,0,4,2025-05-22,ICICIBANK.NS,SELL,TIME
1.2734,0.9106,0.0335,0.0559,-0.4338,0.0,0.0,3,0,0,2025-05-22,RELIANCE.NS,SELL,TIME
0.7609,0.0818,0.0,0.9182,0.3473,0.0,0.0,4,1,4,2025-05-23,ICICIBANK.NS,BUY,TIME
1.1312,0.7019,0.1491,0.1491,-0.0992,0.0,0.0,4,1,0,2025-05-23,RELIANCE.NS,BUY,TIME
0.7936,0.656,0.328,0.016,0.847,0.0,0.0,2,0,1,2025-05-28,INFY.NS,SELL,TIME
1.0625,0.3725,0.5294,0.098,0.3171,0.0,0.0,3,0,3,2025-05-29,HDFCBANK.NS,SELL,TIME
0.5731,0.1531,0.1351,0.7117,0.3269,0.0,0.0,4,1,3,2025-05-30,HDFCBANK.NS,BUY,TARGET
0.5162,0.0267,0.12,0.8533,-0.1437,0.0,0.0,4,0,4,2025-05-30,ICICIBANK.NS,SELL,STOP
0.6466,0.2667,0.3378,0.3956,0.0258,396369.0,1.1218,4,0,2,2025-05-30,TCS.NS,SELL,TIME
1.2879,0.4422,0.3065,0.2513,0.5223,0.0,0.0,1,0,1,2025-06-03,INFY.NS,SELL,TIME
1.1853,0.3174,0.3054,0.3772,0.481,0.0,0.0,1,0,0,2025-06-03,RELIANCE.NS,SELL,TIME
1.2751,0.2426,0.5698,0.1876,-0.1102,0.0,0.0,1,0,2,2025-06-03,TCS.NS,SELL,TIME
0.6099,0.4746,0.5254,0.0,-0.0364,1738400.0,0.7562,2,1,3,2025-06-04,HDFCBANK.NS,BUY,TIME
0.8813,0.4961,0.315,0.189,-0.021,0.0,0.0,3,1,4,2025-06-05,ICICIBANK.NS,BUY,TARGET
0.9184,0.7063,0.2657,0.028,-0.4452,889861.0,0.8564,3,1,1,2025-06-05,INFY.NS,BUY,TIME
1.4469,0.7608,0.1483,0.0909,0.3167,3286632.0,2.3848,3,1,0,2025-06-05,RELIANCE.NS,BUY,TIME
0.523,0.5198,0.1525,0.3277,0.5413,349546.0,0.9892,3,0,2,2025-06-05,TCS.NS,SELL,STOP
0.7914,0.1161,0.7613,0.1226,-0.2359,1894652.0,0.8242,4,1,3,2025-06-06,HDFCBANK.NS,BUY,TARGET
0.7971,0.0484,0.6693,0.2823,-0.5274,655152.0,0.6305,4,1,1,2025-06-06,INFY.NS,BUY,TIME
1.4752,0.7887,0.0,0.2113,0.5283,0.0,0.0,0,0,4,2025-06-09,ICICIBANK.NS,SELL,TIME
0.8235,0.1221,0.4427,0.4351,0.7124,1164971.0,1.1212,1,1,1,2025-06-10,INFY.NS,BUY,TARGET
1.0578,0.3689,0.1776,0.4536,0.4966,516898.0,1.4629,1,1,2,2025-06-10,TCS.NS,BUY,TIME
0.6092,0.5798,0.0,0.4202,0.1274,1271801.0,0.5533,2,0,3,2025-06-11,HDFCBANK.NS,SELL,TIME
0.761,0.3115,0.5492,0.1393,-0.0816,1396080.0,1.3436,2,1,1,2025-06-11,INFY.NS,BUY,TARGET
0.5952,0.4353,0.5647,0.0,-0.021,0.0,0.0,3,0,4,2025-06-12,ICICIBANK.NS,SELL,TIME
0.7259,0.3333,0.381,0.2857,0.3314,1118119.0,0.8113,3,0,0,2025-06-12,RELIANCE.NS,SELL,TARGET
0.664,0.4629,0.3493,0.1878,-0.1902,0.0,0.0,3,0,2,2025-06-12,TCS.NS,SELL,TARGET
0.7069,0.93,0.07,0.0,-1.4384,0.0,0.0,4,1,4,2025-06-13,ICICIBANK.NS,BUY,TIME
1.5917,0.6929,0.0394,0.2677,-1.726,1553335.0,1.4949,4,1,1,2025-06-13,INFY.NS,BUY,TIME
1.058,0.6364,0.124,0.2397,-0.8969,0.0,0.0,4,1,2,2025-06-13,TCS.NS,BUY,TIME
0.4972,0.625,0.3229,0.0521,0.125,0.0,0.0,0,1,3,2025-06-16,HDFCBANK.NS,BUY,TIME
0.9595,0.5677,0.4323,0.0,-0.3115,0.0,0.0,0,1,1,2025-06-16,INFY.NS,BUY,TARGET
0.5096,0.4931,0.3151,0.1918,-0.063,0.0,0.0,0,1,0,2025-06-16,RELIANCE.NS,BUY,TARGET
1.2023,0.7751,0.0981,0.1268,-0.258,0.0,0.0,0,1,2,2025-06-16,TCS.NS,BUY,TIME
1.4859,0.4266,0.4382,0.1351,0.094,790394.0,2.2369,2,0,2,2025-06-18,TCS.NS,SELL,TIME
0.9736,0.9947,0.0053,0.0,-0.0259,1593969.0,0.6934,4,1,3,2025-06-20,HDFCBANK.NS,BUY,TIME
0.4235,0.6,0.2,0.2,0.0354,570881.0,0.3325,4,1,4,2025-06-20,ICICIBANK.NS,BUY,TARGET
1.3607,0.8426,0.0,0.1574,0.2381,1387914.0,1.0071,4,1,0,2025-06-20,RELIANCE.NS,BUY,TARGET
1.1857,0.2394,0.0692,0.6915,1.1484,0.0,0.0,1,0,1,2025-06-24,INFY.NS,SELL,STOP
0.7582,0.0656,0.2973,0.6371,1.25,521853.0,1.4769,1,0,2,2025-06-24,TCS.NS,SELL,TARGET
1.2029,0.2746,0.3938,0.3316,0.6259,0.0,0.0,2,1,1,2025-06-25,INFY.NS,BUY,TIME
0.576,0.1066,0.3502,0.5431,0.6046,454391.0,1.286,2,1,2,2025-06-25,TCS.NS,BUY,TARGET
0.886,0.6949,0.1921,0.113,0.1061,3076471.0,1.3383,3,1,3,2025-06-26,HDFCBANK.NS,BUY,TARGET
0.9958,0.2797,0.5175,0.2028,0.007,1948081.0,1.1348,3,1,4,2025-06-26,ICICIBANK.NS,BUY,TIME
1.5255,0.7093,0.1322,0.1586,0.0886,2942022.0,2.1347,3,1,0,2025-06-26,RELIANCE.NS,BUY,TIME
0.6628,0.5338,0.1955,0.2707,-1.0259,2840050.0,1.2355,4,1,3,2025-06-27,HDFCBANK.NS,BUY,TIME
0.546,1.0,0.0,0.0,-0.0139,0.0,0.0,4,1,4,2025-06-27,ICICIBANK.NS,BUY,TARGET
0.7623,0.3217,0.6348,0.0435,0.107,0.0,0.0,4,1,0,2025-06-27,RELIANCE.NS,BUY,TARGET
0.56,0.1554,0.4456,0.399,0.4066,278857.0,0.7892,4,0,2,2025-06-27,TCS.NS,SELL,TIME
0.5641,0.6098,0.3902,0.0,-0.2394,0.0,0.0,0,0,4,2025-06-30,ICICIBANK.NS,SELL,TARGET
0.431,0.1774,0.2742,0.5484,-0.1315,1028611.0,0.5992,1,0,4,2025-07-01,ICICIBANK.NS,SELL,TARGET
1.2689,0.3782,0.4145,0.2073,0.3867,0.0,0.0,1,1,0,2025-07-01,RELIANCE.NS,BUY,TIME
1.2523,0.4223,0.5568,0.0209,0.026,465288.0,1.3168,1,0,2,2025-07-01,TCS.NS,SELL,TIME
0.9164,0.8361,0.0,0.1639,0.1889,1527640.0,0.6646,2,0,3,2025-07-02,HDFCBANK.NS,SELL,TARGET
1.2491,0.2179,0.6257,0.1564,0.5588,0.0,0.0,2,0,4,2025-07-02,ICICIBANK.NS,SELL,TIME
0.7839,0.6387,0.0756,0.2857,0.1441,1231690.0,0.8937,2,0,0,2025-07-02,RELIANCE.NS,SELL,TIME
0.6447,0.3798,0.2481,0.3721,0.3424,1655526.0,0.7202,3,1,3,2025-07-03,HDFCBANK.NS,BUY,STOP
0.8519,0.1154,0.1615,0.7231,0.3494,1627969.0,1.1812,3,1,0,2025-07-03,RELIANCE.NS,BUY,TIME
0.5415,0.4703,0.0649,0.4649,0.298,717038.0,2.0293,3,0,2,2025-07-03,TCS.NS,SELL,TARGET
0.6675,0.4679,0.1376,0.3945,0.2074,0.0,0.0,0,0,1,2025-07-07,INFY.NS,SELL,TIME
0.9094,0.5286,0.3214,0.15,-0.0262,0.0,0.0,0,1,0,2025-07-07,RELIANCE.NS,BUY,TIME
0.593,0.3644,0.2458,0.3898,-0.2365,1352255.0,0.5883,1,1,3,2025-07-08,HDFCBANK.NS,BUY,TARGET
0.7375,0.693,0.1842,0.1228,-0.2468,1125407.0,0.8166,2,1,0,2025-07-09,RELIANCE.NS,BUY,STOP
0.3591,0.2623,0.2377,0.5,0.0382,274095.0,0.7757,2,0,2,2025-07-09,TCS.NS,SELL,TARGET
0.5947,0.7176,0.2,0.0824,0.2863,818027.0,0.4765,3,0,4,2025-07-10,ICICIBANK.NS,SELL,TIME
0.6869,0.6442,0.2596,0.0962,0.1777,0.0,0.0,3,0,0,2025-07-10,RELIANCE.NS,SELL,TIME
0.5316,0.6415,0.3208,0.0377,-0.2492,0.0,0.0,4,0,3,2025-07-11,HDFCBANK.NS,SELL,TARGET
0.5352,0.421,0.5526,0.0263,-0.0421,984459.0,0.5735,4,0,4,2025-07-11,ICICIBANK.NS,SELL,TIME
1.1018,0.8485,0.1091,0.0424,-0.2046,1063691.0,0.7718,4,0,0,2025-07-11,RELIANCE.NS,SELL,TIME
0.8485,0.5714,0.0107,0.4179,-2.04,3371092.0,9.5404,4,0,2,2025-07-11,TCS.NS,SELL,TARGET
1.0597,0.4157,0.0,0.5843,-0.715,0.0,0.0,0,0,1,2025-07-14,INFY.NS,SELL,TIME
1.1256,0.7143,0.0,0.2857,0.1685,0.0,0.0,0,0,2,2025-07-14,TCS.NS,SELL,TIME
0.6385,0.7559,0.1417,0.1024,-0.1414,0.0,0.0,1,1,3,2025-07-15,HDFCBANK.NS,BUY,TARGET
0.421,0.1167,0.45,0.4333,0.0,0.0,0.0,1,1,4,2025-07-15,ICICIBANK.NS,BUY,TARGET
1.0361,0.2317,0.5,0.2683,0.0255,1382517.0,1.3305,1,1,1,2025-07-15,INFY.NS,BUY,TARGET
0.7074,0.6681,0.2969,0.0349,-0.3657,600868.0,1.7005,1,1,2,2025-07-15,TCS.NS,BUY,TIME
0.939,0.5,0.2394,0.2606,0.9563,0.0,0.0,2,0,3,2025-07-16,HDFCBANK.NS,SELL,TIME
1.2804,0.6049,0.3951,0.0,-0.5287,0.0,0.0,2,1,1,2025-07-16,INFY.NS,BUY,TIME
0.4264,0.5529,0.2471,0.2,0.2004,1494981.0,0.6503,3,0,3,2025-07-17,HDFCBANK.NS,SELL,TIME
0.9088,0.4069,0.5517,0.0414,-0.3669,1054501.0,1.0148,3,0,1,2025-07-17,INFY.NS,SELL,TIME
0.5116,0.2485,0.3939,0.3576,0.0588,469401.0,1.3284,3,0,2,2025-07-17,TCS.NS,SELL,TARGET
1.2063,0.8782,0.084,0.0378,0.4684,2036499.0,0.8859,4,0,3,2025-07-18,HDFCBANK.NS,SELL,TIME
0.6305,0.7204,0.0753,0.2043,0.3381,1307922.0,0.949,4,0,0,2025-07-18,RELIANCE.NS,SELL,TIME
0.608,0.759,0.0974,0.1436,0.5331,583365.0,1.651,4,0,2,2025-07-18,TCS.NS,SELL,TIME
1.7033,0.8675,0.0843,0.0482,0.8697,0.0,0.0,0,1,4,2025-07-21,ICICIBANK.NS,BUY,TIME
1.9903,0.6538,0.0,0.3462,-0.7046,0.0,0.0,0,0,0,2025-07-21,RELIANCE.NS,SELL,TIME
0.9375,0.218,0.4586,0.3233,-0.2239,0.0,0.0,1,0,0,2025-07-22,RELIANCE.NS,SELL,TIME
0.3483,0.1143,0.1714,0.7143,0.0448,0.0,0.0,2,1,3,2025-07-23,HDFCBANK.NS,BUY,TARGET
0.7628,0.0667,0.35,0.5833,0.4384,1315983.0,1.2665,2,0,1,2025-07-23,INFY.NS,SELL,STOP
0.8927,0.9722,0.0,0.0278,0.4642,3003507.0,1.3066,3,0,3,2025-07-24,HDFCBANK.NS,SELL,TIME
0.6012,0.6588,0.2353,0.1059,-0.3228,2457892.0,1.7834,3,0,0,2025-07-24,RELIANCE.NS,SELL,TARGET
0.5355,0.5385,0.0,0.4615,-0.0693,1049373.0,2.9698,3,0,2,2025-07-24,TCS.NS,SELL,TIME
0.7894,0.6154,0.0,0.3846,0.9324,2907719.0,1.6938,4,0,4,2025-07-25,ICICIBANK.NS,SELL,TIME
1.3743,0.3905,0.2714,0.3381,-0.6182,0.0,0.0,4,0,1,2025-07-25,INFY.NS,SELL,TIME
0.6183,0.7826,0.087,0.1304,0.1963,0.0,0.0,0,1,4,2025-07-28,ICICIBANK.NS,BUY,TIME
1.8207,0.0145,0.0145,0.9709,-0.5861,0.0,0.0,0,1,1,2025-07-28,INFY.NS,BUY,TIME
0.7651,0.6558,0.1753,0.1688,-0.3984,0.0,0.0,1,1,3,2025-07-29,HDFCBANK.NS,BUY,TIME
1.0488,0.5986,0.3946,0.0068,-0.072,2583785.0,1.8748,1,1,0,2025-07-29,RELIANCE.NS,BUY,TARGET
0.6484,0.697,0.2778,0.0253,-0.5801,0.0,0.0,1,0,2,2025-07-29,TCS.NS,SELL,TIME
0.5031,0.1143,0.5286,0.3571,-1.7009,0.0,0.0,3,1,0,2025-07-31,RELIANCE.NS,BUY,TARGET
0.6563,0.0707,0.6768,0.2525,-0.3231,324195.0,0.9175,4,0,2,2025-08-01,TCS.NS,SELL,TIME
1.0514,0.6762,0.2571,0.0667,-0.1983,0.0,0.0,0,0,3,2025-08-04,HDFCBANK.NS,SELL,TIME
0.8044,0.3729,0.322,0.3051,0.3333,0.0,0.0,0,0,4,2025-08-04,ICICIBANK.NS,SELL,TIME
0.9961,0.1027,0.3014,0.5959,-0.4908,0.0,0.0,0,1,1,2025-08-04,INFY.NS,BUY,TARGET
1.2132,0.7661,0.0409,0.193,0.1148,0.0,0.0,0,1,0,2025-08-04,RELIANCE.NS,BUY,TIME
0.7516,0.4404,0.3119,0.2477,-0.4167,1363562.0,0.7943,1,0,4,2025-08-05,ICICIBANK.NS,SELL,TIME
1.0745,0.9067,0.0133,0.08,0.0284,0.0,0.0,1,0,0,2025-08-05,RELIANCE.NS,SELL,TIME
0.5,0.2323,0.2828,0.4849,-0.2475,2194690.0,0.9547,2,1,3,2025-08-06,HDFCBANK.NS,BUY,TIME
0.7981,0.8348,0.1217,0.0435,-0.596,2421461.0,2.3304,2,0,1,2025-08-06,INFY.NS,SELL,TIME
0.7599,0.6883,0.2208,0.0909,-0.1306,221904.0,0.628,2,0,2,2025-08-06,TCS.NS,SELL,TIME
0.4224,0.2619,0.7024,0.0357,-0.2468,724726.0,0.3153,3,1,3,2025-08-07,HDFCBANK.NS,BUY,STOP
0.7525,0.8796,0.1204,0.0,0.0831,0.0,0.0,3,0,4,2025-08-07,ICICIBANK.NS,SELL,TIME
0.6224,0.0337,0.7865,0.1798,-0.0489,899388.0,0.8656,3,0,1,2025-08-07,INFY.NS,SELL,TARGET
0.5716,0.9747,0.0,0.0253,-0.2082,958844.0,0.6957,3,0,0,2025-08-07,RELIANCE.NS,SELL,TARGET
0.5201,0.9223,0.0,0.0777,-0.4301,1748727.0,0.7607,4,0,3,2025-08-08,HDFCBANK.NS,SELL,TARGET
1.1004,0.1118,0.7566,0.1316,-0.3167,1329410.0,0.9646,4,0,0,2025-08-08,RELIANCE.NS,SELL,TARGET
0.7209,0.1735,0.5023,0.3242,-0.0066,0.0,0.0,4,0,2,2025-08-08,TCS.NS,SELL,TIME
0.789,0.3694,0.4522,0.1783,0.2485,0.0,0.0,0,1,3,2025-08-11,HDFCBANK.NS,BUY,TIME
0.7269,0.0577,0.3654,0.5769,-0.6616,0.0,0.0,0,1,4,2025-08-11,ICICIBANK.NS,BUY,TIME
0.6145,0.2235,0.5412,0.2353,0.5217,1413665.0,1.0257,2,0,0,2025-08-13,RELIANCE.NS,SELL,TIME
1.198,0.6667,0.1552,0.1782,0.8061,0.0,0.0,3,1,1,2025-08-14,INFY.NS,BUY,TARGET
0.5868,0.3989,0.5112,0.0899,0.2306,511196.0,1.4467,3,0,2,2025-08-14,TCS.NS,SELL,STOP
1.2606,0.8626,0.0,0.1374,0.9878,0.0,0.0,0,0,1,2025-08-18,INFY.NS,SELL,TIME
0.8823,0.0656,0.541,0.3934,1.1586,0.0,0.0,0,0,0,2025-08-18,RELIANCE.NS,SELL,TIME
0.7257,0.8128,0.0,0.1872,0.5624,0.0,0.0,0,0,2,2025-08-18,TCS.NS,SELL,TIME
0.4059,0.0247,0.6667,0.3086,-0.2645,0.0,0.0,1,0,3,2025-08-19,HDFCBANK.NS,SELL,STOP
1.3514,0.7853,0.0052,0.2094,1.0332,0.0,0.0,1,1,0,2025-08-19,RELIANCE.NS,BUY,TIME
1.9299,0.831,0.0211,0.1479,0.5139,0.0,0.0,2,1,1,2025-08-20,INFY.NS,BUY,TIME
0.9148,0.6583,0.0971,0.2446,0.0597,511535.0,1.4477,2,1,2,2025-08-20,TCS.NS,BUY,TARGET
0.5512,0.1667,0.1154,0.7179,-0.1755,1145268.0,0.831,4,0,0,2025-08-22,RELIANCE.NS,SELL,TIME
1.0049,0.8669,0.1006,0.0325,-0.3223,449658.0,1.2726,4,0,2,2025-08-22,TCS.NS,SELL,TIME
1.3278,0.3054,0.3448,0.3498,1.8684,0.0,0.0,0,1,1,2025-08-25,INFY.NS,BUY,TIME
1.6981,0.8289,0.1259,0.0451,1.0193,0.0,0.0,0,1,2,2025-08-25,TCS.NS,BUY,TIME
0.8152,0.5351,0.1403,0.3246,-0.3044,1442846.0,1.0469,1,0,0,2025-08-26,RELIANCE.NS,SELL,TARGET
1.361,0.878,0.1073,0.0146,-0.2617,0.0,0.0,3,0,1,2025-08-28,INFY.NS,SELL,TIME
1.2822,0.995,0.0,0.005,-0.4244,0.0,0.0,3,0,2,2025-08-28,TCS.NS,SELL,TIME
1.3732,0.867,0.133,0.0,-0.2733,1501266.0,1.4448,4,0,1,2025-08-29,INFY.NS,SELL,TIME
1.0491,0.3103,0.5379,0.1517,0.2093,3063575.0,2.2229,4,0,0,2025-08-29,RELIANCE.NS,SELL,STOP
0.6677,0.2835,0.7165,0.0,-0.0629,0.0,0.0,0,0,3,2025-09-01,HDFCBANK.NS,SELL,TIME
0.3366,0.3281,0.1719,0.5,0.2788,0.0,0.0,1,0,3,2025-09-02,HDFCBANK.NS,SELL,STOP
0.4336,0.6557,0.0,0.3443,0.1417,0.0,0.0,1,0,4,2025-09-02,ICICIBANK.NS,SELL,TARGET
0.948,0.4108,0.037,0.5522,0.2217,0.0,0.0,1,1,2,2025-09-02,TCS.NS,BUY,TIME
0.5607,0.2358,0.0283,0.7359,-0.0635,0.0,0.0,2,1,3,2025-09-03,HDFCBANK.NS,BUY,TARGET
0.6316,0.3295,0.0227,0.6477,-0.0503,2358095.0,1.3736,2,1,4,2025-09-03,ICICIBANK.NS,BUY,TIME
1.2652,0.893,0.0,0.107,0.1137,1062352.0,1.0224,2,0,1,2025-09-03,INFY.NS,SELL,TIME
1.0228,0.6289,0.3459,0.0252,0.5946,0.0,0.0,2,0,2,2025-09-03,TCS.NS,SELL,TIME
0.8976,0.7348,0.197,0.0682,0.0811,1258883.0,1.2115,3,0,1,2025-09-04,INFY.NS,SELL,TIME
0.7703,0.4571,0.3429,0.2,-0.1458,2858335.0,2.074,3,0,0,2025-09-04,RELIANCE.NS,SELL,TIME
0.9518,0.9699,0.0,0.0301,0.1847,801894.0,0.4671,4,0,4,2025-09-05,ICICIBANK.NS,SELL,TIME
0.6921,0.0526,0.8632,0.0842,0.3458,974992.0,0.7074,4,1,0,2025-09-05,RELIANCE.NS,BUY,STOP
1.7553,0.9047,0.0617,0.0336,0.0775,0.0,0.0,4,0,2,2025-09-05,TCS.NS,SELL,TIME
1.3769,0.7576,0.2222,0.0202,0.6161,0.0,0.0,0,0,1,2025-09-08,INFY.NS,SELL,TIME
1.319,0.6291,0.2957,0.0752,0.1312,0.0,0.0,0,0,2,2025-09-08,TCS.NS,SELL,TIME
0.5573,0.1574,0.6759,0.1667,0.4917,0.0,0.0,1,0,3,2025-09-09,HDFCBANK.NS,SELL,TIME
1.1745,0.52,0.1714,0.3086,2.925,3648321.0,3.5111,1,1,1,2025-09-09,INFY.NS,BUY,TIME
0.668,0.9147,0.0,0.0853,0.5743,0.0,0.0,2,0,3,2025-09-10,HDFCBANK.NS,SELL,TIME
1.1848,0.6133,0.2044,0.1823,0.6252,0.0,0.0,2,1,1,2025-09-10,INFY.NS,BUY,TIME
0.58,0.8929,0.1071,0.0,-0.5697,2059179.0,0.8958,3,1,3,2025-09-11,HDFCBANK.NS,BUY,TIME
0.6041,0.1587,0.1746,0.6667,0.3117,492888.0,1.3949,1,1,2,2025-09-16,TCS.NS,BUY,TARGET
0.431,0.3771,0.1639,0.459,0.4882,0.0,0.0,3,0,0,2025-09-18,RELIANCE.NS,SELL,TIME
0.717,0.2719,0.6842,0.0439,0.3843,0.0,0.0,3,0,2,2025-09-18,TCS.NS,SELL,TIME
0.7486,0.7862,0.1172,0.0966,-0.1127,0.0,0.0,4,0,3,2025-09-19,HDFCBANK.NS,SELL,TIME
1.6656,0.622,0.2165,0.1614,0.2466,0.0,0.0,4,0,1,2025-09-19,INFY.NS,SELL,TIME
0.7021,0.6667,0.2074,0.1259,0.1813,0.0,0.0,1,0,3,2025-09-23,HDFCBANK.NS,SELL,TIME
0.9661,0.7705,0.2022,0.0273,-0.2873,0.0,0.0,2,0,3,2025-09-24,HDFCBANK.NS,SELL,TIME
0.4701,0.0143,0.7429,0.2429,-0.6531,0.0,0.0,2,0,1,2025-09-24,INFY.NS,SELL,TIME
0.541,0.3681,0.3988,0.2331,-0.4577,0.0,0.0,3,0,2,2025-09-25,TCS.NS,SELL,TARGET
1.3923,0.8424,0.0493,0.1084,-0.9255,0.0,0.0,4,0,1,2025-09-26,INFY.NS,SELL,TIME
1.1785,0.7384,0.0,0.2616,-0.1555,0.0,0.0,4,0,2,2025-09-26,TCS.NS,SELL,TIME
1.3704,0.4406,0.0843,0.4751,0.0582,0.0,0.0,0,1,3,2025-09-29,HDFCBANK.NS,BUY,TIME
0.6352,0.5326,0.0109,0.4565,0.403,0.0,0.0,1,0,2,2025-09-30,TCS.NS,SELL,TIME
0.7761,0.1014,0.3176,0.5811,-0.1366,0.0,0.0,2,1,3,2025-10-01,HDFCBANK.NS,BUY,TARGET
1.3971,0.7278,0.1099,0.1623,0.23,0.0,0.0,2,1,4,2025-10-01,ICICIBANK.NS,BUY,TIME
0.7032,0.2519,0.3185,0.4296,-0.9788,0.0,0.0,4,1,3,2025-10-03,HDFCBANK.NS,BUY,TARGET
0.6857,0.0505,0.4444,0.5051,-0.4842,0.0,0.0,4,1,1,2025-10-03,INFY.NS,BUY,TIME
0.6895,0.845,0.025,0.13,0.1131,0.0,0.0,4,0,2,2025-10-03,TCS.NS,SELL,TIME
0.9135,0.6992,0.0526,0.2481,-0.0415,0.0,0.0,0,1,1,2025-10-06,INFY.NS,BUY,TARGET
0.5631,0.4156,0.1948,0.3896,-0.0513,0.0,0.0,0,1,0,2025-10-06,RELIANCE.NS,BUY,TARGET
1.7096,0.8413,0.0198,0.1389,0.0551,0.0,0.0,0,1,2,2025-10-06,TCS.NS,BUY,TIME
1.3312,0.5802,0.2366,0.1832,0.0,5556523.0,2.4172,1,1,3,2025-10-07,HDFCBANK.NS,BUY,TIME
1.2773,0.7701,0.0909,0.139,0.3388,0.0,0.0,1,0,1,2025-10-07,INFY.NS,SELL,TIME
0.7781,0.963,0.037,0.0,0.1819,0.0,0.0,1,1,0,2025-10-07,RELIANCE.NS,BUY,TIME
0.7511,0.0194,0.6116,0.3689,0.0218,0.0,0.0,2,0,4,2025-10-08,ICICIBANK.NS,SELL,TIME
0.7325,0.4554,0.3366,0.2079,0.0867,0.0,0.0,2,0,0,2025-10-08,RELIANCE.NS,SELL,TARGET
0.4808,0.2273,0.6364,0.1364,0.0073,0.0,0.0,3,1,4,2025-10-09,ICICIBANK.NS,BUY,TIME
0.6894,0.4369,0.5243,0.0388,-0.8598,0.0,0.0,0,0,1,2025-10-13,INFY.NS,SELL,TARGET
1.5899,0.5443,0.4177,0.038,0.777,0.0,0.0,1,0,1,2025-10-14,INFY.NS,SELL,TIME
0.9843,0.7288,0.2305,0.0407,0.4223,0.0,0.0,1,0,2,2025-10-14,TCS.NS,SELL,TARGET
0.6329,0.6532,0.1532,0.1935,-0.0513,0.0,0.0,2,1,3,2025-10-15,HDFCBANK.NS,BUY,TIME
0.4455,0.5161,0.3064,0.1774,0.1806,0.0,0.0,2,1,4,2025-10-15,ICICIBANK.NS,BUY,TARGET
0.4199,0.1034,0.7586,0.1379,0.1237,0.0,0.0,3,1,0,2025-10-16,RELIANCE.NS,BUY,TARGET
1.0923,0.945,0.055,0.0,-0.6693,0.0,0.0,4,1,3,2025-10-17,HDFCBANK.NS,BUY,TARGET
0.8702,0.8952,0.0645,0.0403,-0.3034,0.0,0.0,4,1,4,2025-10-17,ICICIBANK.NS,BUY,TARGET
1.0815,0.1859,0.5192,0.2949,-1.3605,0.0,0.0,4,0,1,2025-10-17,INFY.NS,SELL,TIME
0.7939,0.25,0.2679,0.4821,0.4648,0.0,0.0,4,1,0,2025-10-17,RELIANCE.NS,BUY,TARGET
0.6887,0.3512,0.1073,0.5415,-0.1582,0.0,0.0,4,1,2,2025-10-17,TCS.NS,BUY,TIME
2.4857,0.7874,0.0,0.2126,-0.16,0.0,0.0,0,0,4,2025-10-20,ICICIBANK.NS,SELL,TIME
1.7747,0.9962,0.0038,0.0,1.3452,0.0,0.0,0,1,0,2025-10-20,RELIANCE.NS,BUY,TIME
0.7891,0.6624,0.1266,0.211,0.7562,0.0,0.0,0,1,2,2025-10-20,TCS.NS,BUY,TIME
0.7383,0.5101,0.0,0.4899,0.8782,7381860.0,3.2113,3,0,3,2025-10-23,HDFCBANK.NS,SELL,STOP
1.6743,0.9183,0.0817,0.0,2.5061,5436307.0,5.2319,3,1,1,2025-10-23,INFY.NS,BUY,TIME
0.9556,0.8294,0.1706,0.0,0.9978,1000610.0,2.8318,3,1,2,2025-10-23,TCS.NS,BUY,TARGET
0.7818,0.6497,0.2166,0.1338,0.3178,0.0,0.0,4,0,3,2025-10-24,HDFCBANK.NS,SELL,TARGET
1.162,0.7062,0.0508,0.2429,0.9836,0.0,0.0,4,0,1,2025-10-24,INFY.NS,SELL,TIME
0.709,0.0094,0.6415,0.3491,-0.4053,0.0,0.0,1,0,1,2025-10-28,INFY.NS,SELL,TIME
0.6437,0.3814,0.2371,0.3814,-0.0865,0.0,0.0,2,1,1,2025-10-29,INFY.NS,BUY,TARGET
0.7133,0.3548,0.5115,0.1336,-0.1603,0.0,0.0,3,0,2,2025-10-30,TCS.NS,SELL,TIME
1.021,0.2414,0.67,0.0887,-0.0651,0.0,0.0,4,0,3,2025-10-31,HDFCBANK.NS,SELL,TARGET
0.4277,0.2759,0.6896,0.0345,-0.3303,0.0,0.0,4,0,4,2025-10-31,ICICIBANK.NS,SELL,TARGET
0.642,0.641,0.3487,0.0103,-0.2322,0.0,0.0,0,0,2,2025-11-03,TCS.NS,SELL,TARGET
0.4987,0.6566,0.2828,0.0606,-0.4785,0.0,0.0,1,1,3,2025-11-04,HDFCBANK.NS,BUY,STOP
0.7163,0.4375,0.4375,0.125,-0.178,0.0,0.0,1,0,4,2025-11-04,ICICIBANK.NS,SELL,TIME
0.6521,0.4375,0.2812,0.2813,-0.538,0.0,0.0,1,0,1,2025-11-04,INFY.NS,SELL,TIME
0.9466,0.7746,0.2007,0.0246,0.1126,0.0,0.0,1,0,2,2025-11-04,TCS.NS,SELL,TIME
0.9861,0.3359,0.5344,0.1298,-0.0599,0.0,0.0,3,0,4,2025-11-06,ICICIBANK.NS,SELL,TIME
0.9187,0.3333,0.3926,0.2741,0.6608,0.0,0.0,3,0,1,2025-11-06,INFY.NS,SELL,TIME
0.9986,0.7519,0.1128,0.1353,0.0076,0.0,0.0,4,1,4,2025-11-07,ICICIBANK.NS,BUY,TIME
0.8821,0.0153,0.3435,0.6412,-0.1604,0.0,0.0,4,0,0,2025-11-07,RELIANCE.NS,SELL,TIME
0.7389,0.2945,0.2123,0.4932,-0.0051,0.0,0.0,0,1,3,2025-11-10,HDFCBANK.NS,BUY,TIME
0.9305,0.8929,0.0643,0.0429,0.9683,0.0,0.0,0,1,1,2025-11-10,INFY.NS,BUY,TARGET
0.9173,0.9603,0.0,0.0397,-0.0134,0.0,0.0,0,1,2,2025-11-10,TCS.NS,BUY,TARGET
0.4872,0.1364,0.803,0.0606,0.0668,0.0,0.0,1,1,4,2025-11-11,ICICIBANK.NS,BUY,STOP
0.5642,0.7946,0.0179,0.1875,0.6048,0.0,0.0,2,0,3,2025-11-12,HDFCBANK.NS,SELL,TIME
0.6938,0.0952,0.8571,0.0476,0.6427,0.0,0.0,2,1,0,2025-11-12,RELIANCE.NS,BUY,TARGET
1.3985,0.871,0.0668,0.0622,0.4427,0.0,0.0,2,1,2,2025-11-12,TCS.NS,BUY,TIME
0.476,0.1702,0.4255,0.4042,-0.4952,0.0,0.0,3,1,3,2025-11-13,HDFCBANK.NS,BUY,TIME
1.6986,0.9362,0.0638,0.0,0.0809,0.0,0.0,3,1,4,2025-11-13,ICICIBANK.NS,BUY,TIME
0.8869,0.2571,0.7429,0.0,-0.8065,0.0,0.0,4,1,3,2025-11-14,HDFCBANK.NS,BUY,TIME
0.6779,0.3118,0.6559,0.0323,-0.7793,0.0,0.0,4,0,4,2025-11-14,ICICIBANK.NS,SELL,TIME
1.8985,0.4561,0.4281,0.1158,-1.461,0.0,0.0,4,0,1,2025-11-14,INFY.NS,SELL,TIME
0.6793,0.6796,0.1165,0.2039,-0.2711,0.0,0.0,4,1,0,2025-11-14,RELIANCE.NS,BUY,TIME
0.6644,0.39,0.57,0.04,-0.684,0.0,0.0,0,1,1,2025-11-17,INFY.NS,BUY,STOP
0.4551,0.2319,0.3043,0.4638,0.1778,0.0,0.0,0,0,0,2025-11-17,RELIANCE.NS,SELL,TIME
0.569,0.6726,0.2124,0.115,0.0903,0.0,0.0,1,0,3,2025-11-18,HDFCBANK.NS,SELL,TIME
0.4878,0.6269,0.0,0.3731,0.087,0.0,0.0,1,0,4,2025-11-18,ICICIBANK.NS,SELL,TIME
1.014,0.8212,0.1192,0.0596,-0.3449,0.0,0.0,1,0,1,2025-11-18,INFY.NS,SELL,TIME
0.4571,0.2222,0.3333,0.4444,0.3064,0.0,0.0,2,1,4,2025-11-19,ICICIBANK.NS,BUY,TIME
2.3253,0.8708,0.0843,0.0449,0.686,0.0,0.0,2,1,1,2025-11-19,INFY.NS,BUY,TIME
1.4776,0.6652,0.0605,0.2743,0.4146,0.0,0.0,2,1,2,2025-11-19,TCS.NS,BUY,TIME
0.4213,0.3095,0.3571,0.3333,-0.0603,0.0,0.0,3,1,3,2025-11-20,HDFCBANK.NS,BUY,TARGET
0.4776,0.197,0.1061,0.697,-0.2458,0.0,0.0,3,1,4,2025-11-20,ICICIBANK.NS,BUY,TIME
0.7732,0.3866,0.6134,0.0,0.5464,0.0,0.0,3,1,0,2025-11-20,RELIANCE.NS,BUY,TIME
0.8372,0.2558,0.6279,0.1163,-0.4491,0.0,0.0,4,1,1,2025-11-21,INFY.NS,BUY,TIME
0.4082,0.6464,0.0854,0.2683,0.3256,0.0,0.0,0,1,3,2025-11-24,HDFCBANK.NS,BUY,TARGET
0.5775,0.5618,0.0,0.4382,0.4081,0.0,0.0,0,0,0,2025-11-24,RELIANCE.NS,SELL,TIME
0.9624,0.1584,0.6634,0.1782,0.2539,0.0,0.0,0,0,2,2025-11-24,TCS.NS,SELL,TIME
1.0304,0.4537,0.1268,0.4195,0.4554,0.0,0.0,1,0,3,2025-11-25,HDFCBANK.NS,SELL,TIME
0.7296,0.75,0.0,0.25,-0.0259,0.0,0.0,1,0,1,2025-11-25,INFY.NS,SELL,TIME
0.4663,0.7192,0.0206,0.2603,0.2966,0.0,0.0,1,0,2,2025-11-25,TCS.NS,SELL,TARGET
1.7433,0.9713,0.0287,0.0,-0.5862,0.0,0.0,2,1,3,2025-11-26,HDFCBANK.NS,BUY,TIME
0.6211,0.7412,0.2588,0.0,0.162,0.0,0.0,2,1,4,2025-11-26,ICICIBANK.NS,BUY,TARGET
0.9888,0.7974,0.2026,0.0,0.098,0.0,0.0,2,1,1,2025-11-26,INFY.NS,BUY,TIME
0.8619,0.6567,0.2612,0.0821,0.1103,0.0,0.0,2,1,0,2025-11-26,RELIANCE.NS,BUY,TARGET
0.7163,0.9644,0.0222,0.0133,0.0706,0.0,0.0,2,1,2,2025-11-26,TCS.NS,BUY,TARGET
0.9788,0.7353,0.0294,0.2353,0.2909,0.0,0.0,3,1,4,2025-11-27,ICICIBANK.NS,BUY,TIME
0.6325,0.7071,0.0,0.2929,0.3249,0.0,0.0,3,0,0,2025-11-27,RELIANCE.NS,SELL,TIME
0.9655,0.4408,0.0296,0.5296,0.4774,0.0,0.0,3,0,2,2025-11-27,TCS.NS,SELL,TIME
0.8629,0.908,0.0,0.092,0.913,0.0,0.0,0,0,3,2025-12-01,HDFCBANK.NS,SELL,TARGET
0.4586,0.2639,0.3194,0.4167,0.4272,0.0,0.0,0,0,0,2025-12-01,RELIANCE.NS,SELL,TIME
0.9394,0.0068,0.9252,0.068,0.1471,0.0,0.0,1,0,1,2025-12-02,INFY.NS,SELL,TIME
0.6553,0.4314,0.4706,0.098,-0.2618,0.0,0.0,1,0,0,2025-12-02,RELIANCE.NS,SELL,TARGET
0.5036,0.76,0.2,0.04,-0.3027,0.0,0.0,2,1,3,2025-12-03,HDFCBANK.NS,BUY,TARGET
0.7401,0.4804,0.5196,0.0,-0.3642,0.0,0.0,2,1,4,2025-12-03,ICICIBANK.NS,BUY,TARGET
1.1173,0.6085,0.3493,0.0423,0.188,0.0,0.0,2,1,2,2025-12-03,TCS.NS,BUY,TIME
1.3237,0.9858,0.0142,0.0,-0.1714,0.0,0.0,3,1,1,2025-12-04,INFY.NS,BUY,TIME
0.9349,0.8207,0.0138,0.1655,-0.013,0.0,0.0,3,1,0,2025-12-04,RELIANCE.NS,BUY,TIME
0.7492,0.5372,0.2066,0.2562,0.7844,0.0,0.0,4,1,1,2025-12-05,INFY.NS,BUY,TARGET
0.7512,0.4713,0.2336,0.2951,0.0805,0.0,0.0,4,1,2,2025-12-05,TCS.NS,BUY,TIME
0.4123,0.0244,0.3415,0.6341,0.01,0.0,0.0,2,0,3,2025-12-10,HDFCBANK.NS,SELL,TARGET
0.8412,0.7537,0.097,0.1493,0.5009,0.0,0.0,2,0,1,2025-12-10,INFY.NS,SELL,TIME
0.7324,0.6903,0.1062,0.2035,0.1894,0.0,0.0,2,1,0,2025-12-10,RELIANCE.NS,BUY,TIME
0.6569,0.7571,0.0,0.2429,0.4025,0.0,0.0,2,0,2,2025-12-10,TCS.NS,SELL,TIME
0.5732,0.7719,0.0,0.2281,-0.1714,0.0,0.0,3,1,3,2025-12-11,HDFCBANK.NS,BUY,TARGET
0.4309,0.2686,0.5075,0.2239,0.4407,0.0,0.0,4,1,0,2025-12-12,RELIANCE.NS,BUY,STOP
0.7934,0.874,0.0,0.126,-0.5381,0.0,0.0,0,1,1,2025-12-15,INFY.NS,BUY,TIME
0.6278,0.2822,0.0347,0.6832,-0.3569,0.0,0.0,0,1,2,2025-12-15,TCS.NS,BUY,TIME
0.8308,0.8902,0.0,0.1098,0.0905,0.0,0.0,2,0,3,2025-12-17,HDFCBANK.NS,SELL,TIME
0.7799,0.9623,0.0094,0.0283,-0.2588,999060.0,0.582,3,1,4,2025-12-18,ICICIBANK.NS,BUY,TIME
0.6683,0.3687,0.3226,0.3088,0.4413,502249.0,1.4214,3,1,2,2025-12-18,TCS.NS,BUY,TARGET
0.9034,0.2973,0.3649,0.3378,1.2786,0.0,0.0,4,0,1,2025-12-19,INFY.NS,SELL,TIME
0.7471,0.402,0.1176,0.4804,0.4135,0.0,0.0,0,1,4,2025-12-22,ICICIBANK.NS,BUY,TIME
0.6538,0.4769,0.0154,0.5077,0.3748,0.0,0.0,1,1,3,2025-12-23,HDFCBANK.NS,BUY,TIME
0.3635,0.5088,0.3333,0.1579,0.1912,0.0,0.0,2,0,0,2025-12-24,RELIANCE.NS,SELL,TARGET
0.3623,0.5555,0.0556,0.3889,0.0602,0.0,0.0,4,0,3,2025-12-26,HDFCBANK.NS,SELL,TARGET
0.6058,0.3659,0.3049,0.3293,-0.0368,0.0,0.0,4,0,4,2025-12-26,ICICIBANK.NS,SELL,TIME
0.6549,0.6481,0.3194,0.0324,0.0,0.0,0.0,4,0,2,2025-12-26,TCS.NS,SELL,TIME
0.5044,0.5294,0.0,0.4706,0.363,0.0,0.0,0,0,4,2025-12-29,ICICIBANK.NS,SELL,TIME
1.2103,0.165,0.675,0.16,0.1751,0.0,0.0,0,0,1,2025-12-29,INFY.NS,SELL,TIME
0.4125,0.5937,0.4063,0.0,-0.346,0.0,0.0,0,0,0,2025-12-29,RELIANCE.NS,SELL,TARGET
0.8961,0.4932,0.2568,0.25,0.1038,0.0,0.0,0,0,2,2025-12-29,TCS.NS,SELL,TIME
0.5874,0.5,0.1379,0.3621,0.1009,0.0,0.0,1,0,3,2025-12-30,HDFCBANK.NS,SELL,STOP
0.6662,0.8532,0.0,0.1468,0.1398,0.0,0.0,1,0,1,2025-12-30,INFY.NS,SELL,TARGET
0.3162,0.5306,0.3265,0.1429,0.3181,0.0,0.0,2,1,0,2025-12-31,RELIANCE.NS,BUY,TARGET
0.8547,0.9636,0.0,0.0364,-0.0554,0.0,0.0,2,0,2,2025-12-31,TCS.NS,SELL,TIME
0.5786,0.766,0.234,0.0,-0.0124,0.0,0.0,3,1,1,2026-01-01,INFY.NS,BUY,TARGET
0.8014,0.5556,0.3426,0.1019,0.0299,0.0,0.0,4,1,4,2026-01-02,ICICIBANK.NS,BUY,TIME
0.6296,0.0049,0.2843,0.7108,0.3475,0.0,0.0,4,1,2,2026-01-02,TCS.NS,BUY,TIME
2.0342,0.7756,0.0,0.2244,0.4695,0.0,0.0,0,0,3,2026-01-05,HDFCBANK.NS,SELL,TIME
1.3057,0.7933,0.0726,0.1341,-0.0295,0.0,0.0,0,1,4,2026-01-05,ICICIBANK.NS,BUY,TIME
3.2657,0.8508,0.0,0.1492,-0.5579,903492.0,0.6556,1,0,0,2026-01-06,RELIANCE.NS,SELL,TIME
1.2839,0.7218,0.2374,0.0408,-0.1556,0.0,0.0,1,1,2,2026-01-06,TCS.NS,BUY,TIME
0.8961,0.5748,0.1102,0.315,-0.1842,0.0,0.0,2,1,4,2026-01-07,ICICIBANK.NS,BUY,TIME
1.2655,0.9275,0.0725,0.0,0.1737,0.0,0.0,2,1,1,2026-01-07,INFY.NS,BUY,TIME
1.3352,0.9041,0.0959,0.0,-0.5866,0.0,0.0,2,1,2,2026-01-07,TCS.NS,BUY,TIME
1.3124,0.4554,0.3146,0.23,-0.0854,0.0,0.0,3,0,1,2026-01-08,INFY.NS,SELL,TIME
0.8397,0.544,0.088,0.368,-0.3455,0.0,0.0,3,0,0,2026-01-08,RELIANCE.NS,SELL,TARGET
1.9773,0.926,0.0,0.074,-0.6281,0.0,0.0,3,0,2,2026-01-08,TCS.NS,SELL,TIME
1.0632,0.4,0.56,0.04,-0.3059,0.0,0.0,4,0,3,2026-01-09,HDFCBANK.NS,SELL,TIME
1.218,0.8372,0.1221,0.0407,-0.4672,0.0,0.0,4,0,4,2026-01-09,ICICIBANK.NS,SELL,TIME
0.637,0.395,0.3445,0.2605,-0.1171,0.0,0.0,0,0,3,2026-01-12,HDFCBANK.NS,SELL,STOP
0.9324,0.2977,0.0916,0.6107,-0.3133,0.0,0.0,0,1,4,2026-01-12,ICICIBANK.NS,BUY,TARGET
0.6693,0.746,0.0,0.254,1.1799,0.0,0.0,1,0,3,2026-01-13,HDFCBANK.NS,SELL,TARGET
0.9615,0.1971,0.1533,0.6496,0.4883,0.0,0.0,1,1,4,2026-01-13,ICICIBANK.NS,BUY,TARGET
1.6844,0.7276,0.0081,0.2642,0.0606,0.0,0.0,1,0,0,2026-01-13,RELIANCE.NS,SELL,TIME
1.5908,0.208,0.7611,0.031,-0.7585,0.0,0.0,2,0,4,2026-01-14,ICICIBANK.NS,SELL,TIME
1.2409,0.6464,0.1768,0.1768,-0.6264,0.0,0.0,2,1,0,2026-01-14,RELIANCE.NS,BUY,TIME
1.2737,0.9488,0.0,0.0512,-0.2448,0.0,0.0,2,0,2,2026-01-14,TCS.NS,SELL,TIME
1.3946,0.9769,0.0231,0.0,-0.6539,0.0,0.0,4,1,3,2026-01-16,HDFCBANK.NS,BUY,TIME
0.8741,0.1789,0.3171,0.5041,-0.1974,0.0,0.0,4,0,4,2026-01-16,ICICIBANK.NS,SELL,STOP
1.6531,0.3597,0.295,0.3453,3.5159,0.0,0.0,4,1,1,2026-01-16,INFY.NS,BUY,TIME
1.6343,0.7931,0.0,0.2069,-1.2592,0.0,0.0,0,0,0,2026-01-19,RELIANCE.NS,SELL,STOP
1.5068,0.0544,0.6799,0.2657,-0.639,0.0,0.0,0,0,2,2026-01-19,TCS.NS,SELL,TIME
0.629,0.4762,0.3905,0.1333,-0.143,0.0,0.0,1,0,1,2026-01-20,INFY.NS,SELL,TARGET
0.9484,0.4737,0.1955,0.3308,-0.0141,0.0,0.0,1,0,0,2026-01-20,RELIANCE.NS,SELL,TIME
0.7397,0.7026,0.0,0.2974,-0.1201,0.0,0.0,1,0,2,2026-01-20,TCS.NS,SELL,TARGET
0.9226,0.2171,0.5891,0.1938,-0.3304,0.0,0.0,2,1,0,2026-01-21,RELIANCE.NS,BUY,STOP
1.0783,0.5804,0.1042,0.3155,-0.303,0.0,0.0,2,1,2,2026-01-21,TCS.NS,BUY,TIME
0.6182,0.8772,0.0439,0.0789,0.7112,0.0,0.0,3,0,3,2026-01-22,HDFCBANK.NS,SELL,TARGET
0.5642,0.6316,0.0921,0.2763,0.5197,0.0,0.0,3,0,4,2026-01-22,ICICIBANK.NS,SELL,TARGET
0.8665,0.2201,0.7673,0.0126,-0.1846,0.0,0.0,4,0,3,2026-01-23,HDFCBANK.NS,SELL,TARGET
1.6831,0.4645,0.1484,0.3871,-0.4805,0.0,0.0,1,1,3,2026-01-27,HDFCBANK.NS,BUY,TIME
1.7841,0.3953,0.473,0.1318,-0.4754,0.0,0.0,2,0,1,2026-01-28,INFY.NS,SELL,TIME
0.6817,0.3441,0.0645,0.5914,-0.5264,0.0,0.0,3,1,4,2026-01-29,ICICIBANK.NS,BUY,TARGET
0.6622,0.4674,0.1304,0.4022,-0.3385,0.0,0.0,4,1,0,2026-01-30,RELIANCE.NS,BUY,TIME
1.2522,0.933,0.0,0.067,-5.266,0.0,0.0,2,0,1,2026-02-04,INFY.NS,SELL,TARGET
2.899,0.8112,0.0,0.1888,-3.1056,0.0,0.0,2,0,2,2026-02-04,TCS.NS,SELL,TIME
0.6917,0.567,0.0,0.433,0.4196,0.0,0.0,3,0,4,2026-02-05,ICICIBANK.NS,SELL,TIME
0.9286,0.9769,0.0,0.0231,0.4907,0.0,0.0,0,0,4,2026-02-09,ICICIBANK.NS,SELL,TIME
0.9562,0.2917,0.3125,0.3958,0.0134,0.0,0.0,1,1,1,2026-02-10,INFY.NS,BUY,TIME
0.4716,0.6812,0.3188,0.0,0.4242,0.0,0.0,1,0,0,2026-02-10,RELIANCE.NS,SELL,TARGET
1.4257,0.7183,0.1761,0.1056,0.0611,0.0,0.0,1,1,2,2026-02-10,TCS.NS,BUY,TIME
1.3461,0.67,0.22,0.11,0.4281,0.0,0.0,2,0,1,2026-02-11,INFY.NS,SELL,TIME
1.4724,0.4988,0.4092,0.092,-0.1006,0.0,0.0,2,0,2,2026-02-11,TCS.NS,SELL,TARGET
1.4986,0.7897,0.2103,0.0,-0.0994,0.0,0.0,3,1,4,2026-02-12,ICICIBANK.NS,BUY,TIME
2.694,0.5771,0.125,0.2979,-2.8824,584719.0,0.5627,3,0,1,2026-02-12,INFY.NS,SELL,TIME
0.7662,0.3839,0.3839,0.2321,0.0477,0.0,0.0,3,0,0,2026-02-12,RELIANCE.NS,SELL,TARGET
3.3966,0.7709,0.0,0.2291,-1.2521,236459.0,0.6692,3,0,2,2026-02-12,TCS.NS,SELL,TIME
3.112,0.2136,0.5825,0.2039,-6.7124,0.0,0.0,4,1,1,2026-02-13,INFY.NS,BUY,TARGET
1.2221,0.76,0.2229,0.0171,-0.2278,0.0,0.0,4,0,0,2026-02-13,RELIANCE.NS,SELL,TIME
1.6288,0.5571,0.4429,0.0,-5.5,0.0,0.0,4,1,2,2026-02-13,TCS.NS,BUY,TARGET
2.1677,0.9375,0.0,0.0625,-0.0111,0.0,0.0,0,1,3,2026-02-16,HDFCBANK.NS,BUY,TIME
3.0408,0.8438,0.1305,0.0256,-0.073,0.0,0.0,1,1,1,2026-02-17,INFY.NS,BUY,TIME
0.7757,0.7902,0.0909,0.1189,0.4817,0.0,0.0,3,0,3,2026-02-19,HDFCBANK.NS,SELL,TARGET
0.5061,0.8592,0.0845,0.0563,0.0923,0.0,0.0,3,0,4,2026-02-19,ICICIBANK.NS,SELL,TARGET
0.9656,0.9855,0.0145,0.0,0.1041,0.0,0.0,3,0,0,2026-02-19,RELIANCE.NS,SELL,TARGET
0.7337,0.125,0.6442,0.2308,0.1563,0.0,0.0,4,1,0,2026-02-20,RELIANCE.NS,BUY,TIME
1.7004,0.7478,0.0531,0.1991,-0.1479,0.0,0.0,0,0,1,2026-02-23,INFY.NS,SELL,TIME
1.1144,0.2517,0.5705,0.1779,0.0559,0.0,0.0,0,0,2,2026-02-23,TCS.NS,SELL,TIME
0.5757,0.8208,0.1321,0.0472,0.1678,0.0,0.0,1,0,3,2026-02-24,HDFCBANK.NS,SELL,TARGET
0.4378,0.1803,0.623,0.1967,-0.2359,0.0,0.0,1,0,4,2026-02-24,ICICIBANK.NS,SELL,TARGET
1.5582,0.603,0.2211,0.1759,-2.6657,0.0,0.0,1,0,1,2026-02-24,INFY.NS,SELL,TIME
2.4757,0.8451,0.0,0.1549,-1.1215,0.0,0.0,1,0,2,2026-02-24,TCS.NS,SELL,TIME
0.7343,0.2381,0.5238,0.2381,0.2095,0.0,0.0,2,0,0,2026-02-25,RELIANCE.NS,SELL,TARGET
0.7179,0.3769,0.0769,0.5462,0.4408,0.0,0.0,3,0,3,2026-02-26,HDFCBANK.NS,SELL,TARGET
0.7227,0.8372,0.0775,0.0853,0.2678,0.0,0.0,4,0,3,2026-02-27,HDFCBANK.NS,SELL,TIME
0.5236,0.9041,0.0548,0.0411,-0.2776,0.0,0.0,4,0,4,2026-02-27,ICICIBANK.NS,SELL,TARGET
2.5031,0.7178,0.2607,0.0215,2.7498,0.0,0.0,4,0,1,2026-02-27,INFY.NS,SELL,TIME
1.3017,0.8667,0.0725,0.0609,1.2838,0.0,0.0,4,0,2,2026-02-27,TCS.NS,SELL,TIME
