date,ticker,signal,entry,stop_loss,target,range_size,exit_price,exit_reason,shares,gross_pnl,costs,net_pnl,win
2025-11-06,INFY.NS,SELL,1469.5,1483.0,1456.0,13.5,1467.4,TIME,68.0504,142.9,95.55,47.35,True
2025-11-07,ICICIBANK.NS,BUY,1331.9,1318.6,1345.2,13.3,1343.2,TIME,75.0807,848.41,95.83,752.58,True
2025-11-11,ICICIBANK.NS,BUY,1354.7,1348.1,1361.3,6.6,1348.1,STOP,73.8171,-487.19,95.44,-582.63,False
2025-11-12,HDFCBANK.NS,SELL,992.5,998.1,986.9,5.6,989.35,TIME,100.7557,317.38,95.52,221.87,True
2025-11-12,NIFTY,BUY,25863.85,25781.25,25946.45,82.6,25884.4,TIME,3.8664,79.46,95.6,-16.15,False
2025-11-13,HDFCBANK.NS,BUY,987.4,982.7,992.1,4.7,986.9,TIME,101.2761,-50.64,95.56,-146.2,False
2025-11-14,HDFCBANK.NS,BUY,986.55,977.8,995.3,8.75,990.5,TIME,101.3633,400.39,95.69,304.69,True
2025-11-17,RELIANCE.NS,SELL,1516.1,1523.0,1509.2,6.9,1518.0,TIME,65.9587,-125.32,95.6,-220.92,False
2025-11-18,HDFCBANK.NS,SELL,993.0,998.65,987.35,5.65,991.95,TIME,100.7049,105.74,95.56,10.18,True
2025-11-18,ICICIBANK.NS,SELL,1373.5,1380.2,1366.8,6.7,1371.9,TIME,72.8067,116.49,95.56,20.93,True
2025-11-19,ICICIBANK.NS,BUY,1378.3,1372.0,1384.6,6.3,1383.3,TIME,72.5531,362.77,95.68,267.09,True
2025-11-19,NIFTY,BUY,25954.5,25856.7,26052.3,97.8,26052.3,TARGET,3.8529,376.81,95.69,281.13,True
2025-11-20,HDFCBANK.NS,BUY,996.8,992.6,1001.0,4.2,1001.0,TARGET,100.321,421.35,95.7,325.65,True
2025-11-21,INFY.NS,BUY,1540.8,1527.9,1553.7,12.9,1544.9,TIME,64.9013,266.1,95.66,170.44,True
2025-11-25,INFY.NS,SELL,1535.0,1546.2,1523.8,11.2,1530.6,TIME,65.1466,286.65,95.52,191.12,True
2025-11-25,TCS.NS,SELL,3131.0,3145.6,3116.4,14.6,3116.4,TARGET,31.9387,466.3,95.49,370.82,True
2025-11-26,INFY.NS,BUY,1547.4,1532.1,1562.7,15.3,1558.1,TIME,64.6245,691.48,95.78,595.7,True
2025-11-27,ICICIBANK.NS,BUY,1389.4,1375.8,1403.0,13.6,1391.9,TIME,71.9735,179.94,95.63,84.31,True
2025-11-27,RELIANCE.NS,SELL,1565.1,1575.0,1555.2,9.9,1565.2,TIME,63.8937,-6.39,95.58,-101.97,False
2025-12-01,NIFTY,SELL,26263.95,26319.9,26208.0,55.95,26208.0,TARGET,3.8075,213.03,95.54,117.49,True
2025-12-01,RELIANCE.NS,SELL,1570.0,1577.2,1562.8,7.2,1565.0,TIME,63.6943,318.47,95.52,222.95,True
2025-12-03,HDFCBANK.NS,BUY,992.8,987.8,997.8,5.0,997.8,TARGET,100.7252,503.63,95.73,407.9,True
2025-12-03,TCS.NS,BUY,3177.4,3141.9,3212.9,35.5,3182.3,TIME,31.4723,154.22,95.62,58.59,True
2025-12-04,RELIANCE.NS,BUY,1551.0,1536.5,1565.5,14.5,1539.8,TIME,64.4745,-722.11,95.37,-817.48,False
2025-12-05,INFY.NS,BUY,1615.0,1602.9,1627.1,12.1,1627.1,TARGET,61.9195,749.23,95.8,653.43,True
2025-12-05,TCS.NS,BUY,3248.3,3223.9,3272.7,24.4,3244.3,TIME,30.7853,-123.14,95.54,-218.68,False
2025-12-10,TCS.NS,SELL,3197.0,3218.0,3176.0,21.0,3187.2,TIME,31.2793,306.54,95.52,211.02,True
2025-12-11,HDFCBANK.NS,BUY,994.4,988.7,1000.1,5.7,1000.1,TARGET,100.5632,573.21,95.75,477.46,True
2025-12-11,NIFTY,BUY,25807.55,25693.3,25921.8,114.25,25895.45,TIME,3.8748,340.59,95.68,244.92,True
2025-12-12,RELIANCE.NS,BUY,1555.0,1548.3,1561.7,6.7,1548.3,STOP,64.3087,-430.87,95.45,-526.32,False
2025-12-15,TCS.NS,BUY,3217.5,3197.3,3237.7,20.2,3225.1,TIME,31.08,236.21,95.65,140.56,True
2025-12-24,RELIANCE.NS,SELL,1568.2,1573.9,1562.5,5.7,1562.5,TARGET,63.7674,363.47,95.51,267.97,True
2025-12-26,HDFCBANK.NS,SELL,993.6,997.2,990.0,3.6,990.0,TARGET,100.6441,362.32,95.51,266.81,True
2025-12-29,ICICIBANK.NS,SELL,1348.1,1354.9,1341.3,6.8,1342.9,TIME,74.1785,385.73,95.5,290.22,True
2025-12-29,NIFTY,SELL,26027.05,26102.75,25951.35,75.7,25951.35,TARGET,3.8422,290.85,95.52,195.33,True
2025-12-31,NIFTY,BUY,26026.85,25969.35,26084.35,57.5,26084.35,TARGET,3.8422,220.93,95.64,125.28,True
2025-12-31,RELIANCE.NS,BUY,1549.6,1544.7,1554.5,4.9,1554.5,TARGET,64.5328,316.21,95.67,220.54,True
2026-01-01,INFY.NS,BUY,1624.6,1615.2,1634.0,9.4,1634.0,TARGET,61.5536,578.6,95.75,482.86,True
2026-01-06,TCS.NS,BUY,3248.0,3206.3,3289.7,41.7,3255.4,TIME,30.7882,227.83,95.64,132.19,True
2026-01-08,NIFTY,SELL,26048.45,26132.9,25964.0,84.45,25964.0,TARGET,3.839,324.2,95.52,228.69,True
2026-01-12,ICICIBANK.NS,BUY,1405.0,1391.9,1418.1,13.1,1418.1,TARGET,71.1744,932.38,95.85,836.53,True
2026-01-20,INFY.NS,SELL,1669.2,1679.7,1658.7,10.5,1658.7,TARGET,59.9089,629.04,95.46,533.59,True
2026-01-20,NIFTY,SELL,25432.75,25582.85,25282.65,150.1,25282.65,TARGET,3.9319,590.18,95.46,494.72,True
2026-01-21,RELIANCE.NS,BUY,1398.2,1385.3,1411.1,12.9,1385.3,STOP,71.5205,-922.61,95.31,-1017.92,False
2026-01-22,HDFCBANK.NS,SELL,922.1,927.8,916.4,5.7,916.4,TARGET,108.4481,618.15,95.46,522.69,True
2026-01-22,ICICIBANK.NS,SELL,1347.1,1354.7,1339.5,7.6,1339.5,TARGET,74.2335,564.17,95.47,468.71,True
2026-01-23,NIFTY,SELL,25249.55,25345.35,25153.75,95.8,25153.75,TARGET,3.9605,379.41,95.51,283.91,True
2026-02-05,ICICIBANK.NS,SELL,1402.3,1412.0,1392.6,9.7,1398.3,TIME,71.3114,285.24,95.52,189.72,True
2026-02-10,RELIANCE.NS,SELL,1463.1,1470.0,1456.2,6.9,1456.2,TARGET,68.348,471.6,95.49,376.11,True
2026-02-12,RELIANCE.NS,SELL,1461.8,1473.0,1450.6,11.2,1450.6,TARGET,68.4088,766.18,95.43,670.75,True
2026-02-17,NIFTY,BUY,25681.4,25570.7,25792.1,110.7,25724.85,TIME,3.8939,169.19,95.63,73.56,True
2026-02-19,ICICIBANK.NS,SELL,1403.0,1410.1,1395.9,7.1,1395.9,TARGET,71.2758,506.06,95.48,410.58,True
2026-02-19,NIFTY,SELL,25750.7,25879.6,25621.8,128.9,25621.8,TARGET,3.8834,500.57,95.48,405.09,True
2026-02-20,NIFTY,BUY,25524.7,25380.35,25669.05,144.35,25571.95,TIME,3.9178,185.11,95.63,89.48,True
2026-02-20,RELIANCE.NS,BUY,1417.5,1407.1,1427.9,10.4,1418.7,TIME,70.5467,84.65,95.6,-10.95,False
2026-02-27,ICICIBANK.NS,SELL,1394.1,1401.4,1386.8,7.3,1386.8,TARGET,71.7309,523.64,95.48,428.16,True
2026-04-10,NIFTY,BUY,24001.25,23867.2,24135.3,134.05,24057.5,TIME,4.1664,234.36,95.65,138.72,True
